id,home_team,away_team,league_name,season,match_date,match_id_api,home_score,away_score,result,home_q1,away_q1,home_q2,away_q2,home_q3,away_q3,home_q4,away_q4,home_ot,away_ot,home_fg_pct,away_fg_pct,home_3p_pct,away_3p_pct,home_ft_pct,away_ft_pct,home_rebounds,away_rebounds,home_assists,away_assists,odds_home,odds_away,spread,data_source,created_at,updated_at
"test_nba_1","Los Angeles Lakers","Boston Celtics","NBA","2024-2025","2024-10-22",,108,115,"A",,,,,,,,,,,,,,,,,,,,,2.5,1.5,,"test","2026-03-17T14:29:31.041776+00:00","2026-03-17T14:29:31.041776+00:00"
"test_nba_2","Golden State Warriors","Phoenix Suns","NBA","2024-2025","2024-10-24",,120,112,"H",,,,,,,,,,,,,,,,,,,,,1.75,2.1,,"test","2026-03-17T14:29:31.041776+00:00","2026-03-17T14:29:31.041776+00:00"
"test_nba_3","Denver Nuggets","Minnesota Timberwolves","NBA","2024-2025","2024-10-26",,98,102,"A",,,,,,,,,,,,,,,,,,,,,1.65,2.25,,"test","2026-03-17T14:29:31.041776+00:00","2026-03-17T14:29:31.041776+00:00"
"nuggets_kings_2024-10-01","Nuggets","Kings","NBA","2023-2024","2024-10-01",,126,104,"H",,,,,,,,,,,,,,,,,,,,,1.884,1.952,,"historical_generation","2026-03-18T21:29:35.534458+00:00","2026-03-18T21:29:35.534458+00:00"
"knicks_heat_2024-10-02","Knicks","Heat","NBA","2023-2024","2024-10-02",,117,122,"A",,,,,,,,,,,,,,,,,,,,,1.992,2.045,,"historical_generation","2026-03-18T21:29:35.534458+00:00","2026-03-18T21:29:35.534458+00:00"
"clippers_nets_2024-10-04","Clippers","Nets","NBA","2023-2024","2024-10-04",,107,129,"A",,,,,,,,,,,,,,,,,,,,,1.877,2.013,,"historical_generation","2026-03-18T21:29:35.534458+00:00","2026-03-18T21:29:35.534458+00:00"
"timberwolves_mavericks_2024-10-07","Timberwolves","Mavericks","NBA","2023-2024","2024-10-07",,127,96,"H",,,,,,,,,,,,,,,,,,,,,1.993,1.935,,"historical_generation","2026-03-18T21:29:35.534458+00:00","2026-03-18T21:29:35.534458+00:00"
"magic_nuggets_2024-10-10","Magic","Nuggets","NBA","2023-2024","2024-10-10",,102,126,"A",,,,,,,,,,,,,,,,,,,,,2.101,1.865,,"historical_generation","2026-03-18T21:29:35.534458+00:00","2026-03-18T21:29:35.534458+00:00"
"suns_hawks_2024-10-13","Suns","Hawks","NBA","2023-2024","2024-10-13",,110,106,"H",,,,,,,,,,,,,,,,,,,,,2.141,1.99,,"historical_generation","2026-03-18T21:29:35.534458+00:00","2026-03-18T21:29:35.534458+00:00"
"thunder_mavericks_2024-10-15","Thunder","Mavericks","NBA","2023-2024","2024-10-15",,133,96,"H",,,,,,,,,,,,,,,,,,,,,1.985,1.934,,"historical_generation","2026-03-18T21:29:35.534458+00:00","2026-03-18T21:29:35.534458+00:00"
"thunder_timberwolves_2024-10-16","Thunder","Timberwolves","NBA","2023-2024","2024-10-16",,118,118,"A",,,,,,,,,,,,,,,,,,,,,2.089,2.131,,"historical_generation","2026-03-18T21:29:35.534458+00:00","2026-03-18T21:29:35.534458+00:00"
"celtics_magic_2024-10-17","Celtics","Magic","NBA","2023-2024","2024-10-17",,106,123,"A",,,,,,,,,,,,,,,,,,,,,2.01,2.061,,"historical_generation","2026-03-18T21:29:35.534458+00:00","2026-03-18T21:29:35.534458+00:00"
"knicks_mavericks_2024-10-18","Knicks","Mavericks","NBA","2023-2024","2024-10-18",,133,126,"H",,,,,,,,,,,,,,,,,,,,,2.007,2.084,,"historical_generation","2026-03-18T21:29:35.534458+00:00","2026-03-18T21:29:35.534458+00:00"
"lakers_grizzlies_2024-10-20","Lakers","Grizzlies","NBA","2023-2024","2024-10-20",,108,115,"A",,,,,,,,,,,,,,,,,,,,,1.86,1.863,,"historical_generation","2026-03-18T21:29:35.534458+00:00","2026-03-18T21:29:35.534458+00:00"
"wizards_pelicans_2024-10-23","Wizards","Pelicans","NBA","2023-2024","2024-10-23",,108,129,"A",,,,,,,,,,,,,,,,,,,,,1.941,1.854,,"historical_generation","2026-03-18T21:29:35.534458+00:00","2026-03-18T21:29:35.534458+00:00"
"clippers_nuggets_2024-10-24","Clippers","Nuggets","NBA","2023-2024","2024-10-24",,131,96,"H",,,,,,,,,,,,,,,,,,,,,1.887,2.101,,"historical_generation","2026-03-18T21:29:35.534458+00:00","2026-03-18T21:29:35.534458+00:00"
"76ers_rockets_2024-10-25","76ers","Rockets","NBA","2023-2024","2024-10-25",,122,127,"A",,,,,,,,,,,,,,,,,,,,,2.117,1.922,,"historical_generation","2026-03-18T21:29:35.534458+00:00","2026-03-18T21:29:35.534458+00:00"
"wizards_jazz_2024-10-28","Wizards","Jazz","NBA","2023-2024","2024-10-28",,132,126,"H",,,,,,,,,,,,,,,,,,,,,2.143,1.91,,"historical_generation","2026-03-18T21:29:35.534458+00:00","2026-03-18T21:29:35.534458+00:00"
"pistons_magic_2024-10-29","Pistons","Magic","NBA","2023-2024","2024-10-29",,97,130,"A",,,,,,,,,,,,,,,,,,,,,2.137,2.008,,"historical_generation","2026-03-18T21:29:35.534458+00:00","2026-03-18T21:29:35.534458+00:00"
"nets_timberwolves_2024-10-30","Nets","Timberwolves","NBA","2023-2024","2024-10-30",,125,128,"A",,,,,,,,,,,,,,,,,,,,,2.032,1.931,,"historical_generation","2026-03-18T21:29:35.534458+00:00","2026-03-18T21:29:35.534458+00:00"
"hawks_wizards_2024-11-02","Hawks","Wizards","NBA","2023-2024","2024-11-02",,126,130,"A",,,,,,,,,,,,,,,,,,,,,2.067,2.069,,"historical_generation","2026-03-18T21:29:35.534458+00:00","2026-03-18T21:29:35.534458+00:00"
"nets_grizzlies_2024-11-05","Nets","Grizzlies","NBA","2023-2024","2024-11-05",,103,102,"H",,,,,,,,,,,,,,,,,,,,,1.99,2.115,,"historical_generation","2026-03-18T21:29:35.534458+00:00","2026-03-18T21:29:35.534458+00:00"
"mavericks_jazz_2024-11-06","Mavericks","Jazz","NBA","2023-2024","2024-11-06",,128,112,"H",,,,,,,,,,,,,,,,,,,,,1.933,2.048,,"historical_generation","2026-03-18T21:29:35.534458+00:00","2026-03-18T21:29:35.534458+00:00"
"celtics_timberwolves_2024-11-07","Celtics","Timberwolves","NBA","2023-2024","2024-11-07",,125,123,"H",,,,,,,,,,,,,,,,,,,,,2.071,2.135,,"historical_generation","2026-03-18T21:29:35.534458+00:00","2026-03-18T21:29:35.534458+00:00"
"trailblazers_nets_2024-11-10","Trail Blazers","Nets","NBA","2023-2024","2024-11-10",,98,98,"A",,,,,,,,,,,,,,,,,,,,,2.001,2.06,,"historical_generation","2026-03-18T21:29:35.534458+00:00","2026-03-18T21:29:35.534458+00:00"
"pacers_timberwolves_2024-11-13","Pacers","Timberwolves","NBA","2023-2024","2024-11-13",,126,132,"A",,,,,,,,,,,,,,,,,,,,,2.133,1.94,,"historical_generation","2026-03-18T21:29:35.534458+00:00","2026-03-18T21:29:35.534458+00:00"
"timberwolves_knicks_2024-11-14","Timberwolves","Knicks","NBA","2023-2024","2024-11-14",,123,99,"H",,,,,,,,,,,,,,,,,,,,,1.966,1.97,,"historical_generation","2026-03-18T21:29:35.534458+00:00","2026-03-18T21:29:35.534458+00:00"
"celtics_lakers_2024-11-16","Celtics","Lakers","NBA","2023-2024","2024-11-16",,100,104,"A",,,,,,,,,,,,,,,,,,,,,2.052,2.118,,"historical_generation","2026-03-18T21:29:35.534458+00:00","2026-03-18T21:29:35.534458+00:00"
"grizzlies_nuggets_2024-11-17","Grizzlies","Nuggets","NBA","2023-2024","2024-11-17",,95,100,"A",,,,,,,,,,,,,,,,,,,,,2.132,2.121,,"historical_generation","2026-03-18T21:29:35.534458+00:00","2026-03-18T21:29:35.534458+00:00"
"knicks_bucks_2024-11-18","Knicks","Bucks","NBA","2023-2024","2024-11-18",,97,95,"H",,,,,,,,,,,,,,,,,,,,,1.954,1.938,,"historical_generation","2026-03-18T21:29:35.534458+00:00","2026-03-18T21:29:35.534458+00:00"
"magic_wizards_2024-11-20","Magic","Wizards","NBA","2023-2024","2024-11-20",,134,98,"H",,,,,,,,,,,,,,,,,,,,,1.973,2.053,,"historical_generation","2026-03-18T21:29:35.534458+00:00","2026-03-18T21:29:35.534458+00:00"
"pacers_hawks_2024-11-23","Pacers","Hawks","NBA","2023-2024","2024-11-23",,116,128,"A",,,,,,,,,,,,,,,,,,,,,1.876,1.976,,"historical_generation","2026-03-18T21:29:35.534458+00:00","2026-03-18T21:29:35.534458+00:00"
"pacers_timberwolves_2024-11-25","Pacers","Timberwolves","NBA","2023-2024","2024-11-25",,122,98,"H",,,,,,,,,,,,,,,,,,,,,1.87,1.901,,"historical_generation","2026-03-18T21:29:35.534458+00:00","2026-03-18T21:29:35.534458+00:00"
"thunder_hornets_2024-11-28","Thunder","Hornets","NBA","2023-2024","2024-11-28",,127,97,"H",,,,,,,,,,,,,,,,,,,,,1.92,1.878,,"historical_generation","2026-03-18T21:29:35.534458+00:00","2026-03-18T21:29:35.534458+00:00"
"bulls_heat_2024-11-29","Bulls","Heat","NBA","2023-2024","2024-11-29",,129,106,"H",,,,,,,,,,,,,,,,,,,,,1.949,1.984,,"historical_generation","2026-03-18T21:29:35.534458+00:00","2026-03-18T21:29:35.534458+00:00"
"grizzlies_nets_2024-11-30","Grizzlies","Nets","NBA","2023-2024","2024-11-30",,121,126,"A",,,,,,,,,,,,,,,,,,,,,1.867,2.033,,"historical_generation","2026-03-18T21:29:35.534458+00:00","2026-03-18T21:29:35.534458+00:00"
"trailblazers_nets_2024-12-01","Trail Blazers","Nets","NBA","2023-2024","2024-12-01",,132,116,"H",,,,,,,,,,,,,,,,,,,,,1.873,2.053,,"historical_generation","2026-03-18T21:29:35.534458+00:00","2026-03-18T21:29:35.534458+00:00"
"cavaliers_lakers_2024-12-02","Cavaliers","Lakers","NBA","2023-2024","2024-12-02",,104,100,"H",,,,,,,,,,,,,,,,,,,,,1.932,1.937,,"historical_generation","2026-03-18T21:29:35.534458+00:00","2026-03-18T21:29:35.534458+00:00"
"trailblazers_pelicans_2024-12-03","Trail Blazers","Pelicans","NBA","2023-2024","2024-12-03",,121,109,"H",,,,,,,,,,,,,,,,,,,,,2.115,1.897,,"historical_generation","2026-03-18T21:29:35.534458+00:00","2026-03-18T21:29:35.534458+00:00"
"nuggets_heat_2024-12-05","Nuggets","Heat","NBA","2023-2024","2024-12-05",,129,127,"H",,,,,,,,,,,,,,,,,,,,,1.993,2.074,,"historical_generation","2026-03-18T21:29:35.534458+00:00","2026-03-18T21:29:35.534458+00:00"
"pelicans_nets_2024-12-06","Pelicans","Nets","NBA","2023-2024","2024-12-06",,116,102,"H",,,,,,,,,,,,,,,,,,,,,2.102,2.054,,"historical_generation","2026-03-18T21:29:35.534458+00:00","2026-03-18T21:29:35.534458+00:00"
"nets_suns_2024-12-09","Nets","Suns","NBA","2023-2024","2024-12-09",,111,127,"A",,,,,,,,,,,,,,,,,,,,,2.004,2.045,,"historical_generation","2026-03-18T21:29:35.534458+00:00","2026-03-18T21:29:35.534458+00:00"
"76ers_nets_2024-12-10","76ers","Nets","NBA","2023-2024","2024-12-10",,110,126,"A",,,,,,,,,,,,,,,,,,,,,1.958,1.885,,"historical_generation","2026-03-18T21:29:35.534458+00:00","2026-03-18T21:29:35.534458+00:00"
"cavaliers_bucks_2024-12-11","Cavaliers","Bucks","NBA","2023-2024","2024-12-11",,132,109,"H",,,,,,,,,,,,,,,,,,,,,1.887,2.059,,"historical_generation","2026-03-18T21:29:35.534458+00:00","2026-03-18T21:29:35.534458+00:00"
"knicks_cavaliers_2024-12-14","Knicks","Cavaliers","NBA","2023-2024","2024-12-14",,105,111,"A",,,,,,,,,,,,,,,,,,,,,2.026,2.109,,"historical_generation","2026-03-18T21:29:35.534458+00:00","2026-03-18T21:29:35.534458+00:00"
"bucks_bulls_2024-12-16","Bucks","Bulls","NBA","2023-2024","2024-12-16",,119,123,"A",,,,,,,,,,,,,,,,,,,,,2.003,2.02,,"historical_generation","2026-03-18T21:29:35.534458+00:00","2026-03-18T21:29:35.534458+00:00"
"heat_pelicans_2024-12-18","Heat","Pelicans","NBA","2023-2024","2024-12-18",,132,112,"H",,,,,,,,,,,,,,,,,,,,,1.994,2.119,,"historical_generation","2026-03-18T21:29:35.534458+00:00","2026-03-18T21:29:35.534458+00:00"
"grizzlies_jazz_2024-12-19","Grizzlies","Jazz","NBA","2023-2024","2024-12-19",,112,108,"H",,,,,,,,,,,,,,,,,,,,,2.099,2.097,,"historical_generation","2026-03-18T21:29:35.534458+00:00","2026-03-18T21:29:35.534458+00:00"
"knicks_kings_2024-12-20","Knicks","Kings","NBA","2023-2024","2024-12-20",,119,100,"H",,,,,,,,,,,,,,,,,,,,,2.065,1.962,,"historical_generation","2026-03-18T21:29:35.534458+00:00","2026-03-18T21:29:35.534458+00:00"
"warriors_pelicans_2024-12-22","Warriors","Pelicans","NBA","2023-2024","2024-12-22",,109,115,"A",,,,,,,,,,,,,,,,,,,,,2.007,2.05,,"historical_generation","2026-03-18T21:29:35.534458+00:00","2026-03-18T21:29:35.534458+00:00"
"clippers_knicks_2024-12-24","Clippers","Knicks","NBA","2023-2024","2024-12-24",,108,124,"A",,,,,,,,,,,,,,,,,,,,,2.13,2.132,,"historical_generation","2026-03-18T21:29:35.534458+00:00","2026-03-18T21:29:35.534458+00:00"
"pistons_knicks_2024-12-25","Pistons","Knicks","NBA","2023-2024","2024-12-25",,111,103,"H",,,,,,,,,,,,,,,,,,,,,1.859,2.001,,"historical_generation","2026-03-18T21:29:35.534458+00:00","2026-03-18T21:29:35.534458+00:00"
"raptors_rockets_2024-12-28","Raptors","Rockets","NBA","2023-2024","2024-12-28",,130,115,"H",,,,,,,,,,,,,,,,,,,,,1.919,1.859,,"historical_generation","2026-03-18T21:29:35.534458+00:00","2026-03-18T21:29:35.534458+00:00"
"mavericks_trailblazers_2024-12-30","Mavericks","Trail Blazers","NBA","2023-2024","2024-12-30",,110,127,"A",,,,,,,,,,,,,,,,,,,,,1.897,1.914,,"historical_generation","2026-03-18T21:29:35.534458+00:00","2026-03-18T21:29:35.534458+00:00"
"magic_nets_2025-01-02","Magic","Nets","NBA","2023-2024","2025-01-02",,126,101,"H",,,,,,,,,,,,,,,,,,,,,1.866,1.851,,"historical_generation","2026-03-18T21:29:35.534458+00:00","2026-03-18T21:29:35.534458+00:00"
"bucks_kings_2025-01-04","Bucks","Kings","NBA","2023-2024","2025-01-04",,96,127,"A",,,,,,,,,,,,,,,,,,,,,1.919,1.935,,"historical_generation","2026-03-18T21:29:35.534458+00:00","2026-03-18T21:29:35.534458+00:00"
"pelicans_lakers_2025-01-05","Pelicans","Lakers","NBA","2023-2024","2025-01-05",,114,98,"H",,,,,,,,,,,,,,,,,,,,,1.995,1.88,,"historical_generation","2026-03-18T21:29:35.534458+00:00","2026-03-18T21:29:35.534458+00:00"
"pacers_76ers_2025-01-06","Pacers","76ers","NBA","2023-2024","2025-01-06",,133,130,"H",,,,,,,,,,,,,,,,,,,,,2.076,1.953,,"historical_generation","2026-03-18T21:29:35.534458+00:00","2026-03-18T21:29:35.534458+00:00"
"rockets_bulls_2025-01-08","Rockets","Bulls","NBA","2023-2024","2025-01-08",,133,104,"H",,,,,,,,,,,,,,,,,,,,,2.004,2.004,,"historical_generation","2026-03-18T21:29:35.534458+00:00","2026-03-18T21:29:35.534458+00:00"
"mavericks_warriors_2025-01-09","Mavericks","Warriors","NBA","2023-2024","2025-01-09",,127,95,"H",,,,,,,,,,,,,,,,,,,,,1.905,2.109,,"historical_generation","2026-03-18T21:29:35.534458+00:00","2026-03-18T21:29:35.534458+00:00"
"nets_clippers_2025-01-12","Nets","Clippers","NBA","2023-2024","2025-01-12",,112,128,"A",,,,,,,,,,,,,,,,,,,,,2.105,1.951,,"historical_generation","2026-03-18T21:29:35.534458+00:00","2026-03-18T21:29:35.534458+00:00"
"spurs_celtics_2025-01-14","Spurs","Celtics","NBA","2023-2024","2025-01-14",,113,106,"H",,,,,,,,,,,,,,,,,,,,,1.985,1.868,,"historical_generation","2026-03-18T21:29:35.534458+00:00","2026-03-18T21:29:35.534458+00:00"
"kings_rockets_2025-01-17","Kings","Rockets","NBA","2023-2024","2025-01-17",,100,130,"A",,,,,,,,,,,,,,,,,,,,,2.096,1.898,,"historical_generation","2026-03-18T21:29:35.534458+00:00","2026-03-18T21:29:35.534458+00:00"
"heat_trailblazers_2025-01-18","Heat","Trail Blazers","NBA","2023-2024","2025-01-18",,117,118,"A",,,,,,,,,,,,,,,,,,,,,2.008,2.058,,"historical_generation","2026-03-18T21:29:35.534458+00:00","2026-03-18T21:29:35.534458+00:00"
"kings_jazz_2025-01-20","Kings","Jazz","NBA","2023-2024","2025-01-20",,127,95,"H",,,,,,,,,,,,,,,,,,,,,2.113,2.048,,"historical_generation","2026-03-18T21:29:35.534458+00:00","2026-03-18T21:29:35.534458+00:00"
"rockets_heat_2025-01-22","Rockets","Heat","NBA","2023-2024","2025-01-22",,134,98,"H",,,,,,,,,,,,,,,,,,,,,2.05,1.927,,"historical_generation","2026-03-18T21:29:35.534458+00:00","2026-03-18T21:29:35.534458+00:00"
"pelicans_nuggets_2025-01-23","Pelicans","Nuggets","NBA","2023-2024","2025-01-23",,118,102,"H",,,,,,,,,,,,,,,,,,,,,1.864,2.147,,"historical_generation","2026-03-18T21:29:35.534458+00:00","2026-03-18T21:29:35.534458+00:00"
"nuggets_76ers_2025-01-26","Nuggets","76ers","NBA","2023-2024","2025-01-26",,117,108,"H",,,,,,,,,,,,,,,,,,,,,1.918,2.041,,"historical_generation","2026-03-18T21:29:35.534458+00:00","2026-03-18T21:29:35.534458+00:00"
"clippers_warriors_2025-01-27","Clippers","Warriors","NBA","2023-2024","2025-01-27",,127,113,"H",,,,,,,,,,,,,,,,,,,,,2.001,1.87,,"historical_generation","2026-03-18T21:29:35.534458+00:00","2026-03-18T21:29:35.534458+00:00"
"lakers_thunder_2025-01-29","Lakers","Thunder","NBA","2023-2024","2025-01-29",,127,95,"H",,,,,,,,,,,,,,,,,,,,,1.935,1.909,,"historical_generation","2026-03-18T21:29:35.534458+00:00","2026-03-18T21:29:35.534458+00:00"
"hornets_warriors_2025-01-30","Hornets","Warriors","NBA","2023-2024","2025-01-30",,118,107,"H",,,,,,,,,,,,,,,,,,,,,1.911,1.87,,"historical_generation","2026-03-18T21:29:35.534458+00:00","2026-03-18T21:29:35.534458+00:00"
"trailblazers_cavaliers_2025-02-01","Trail Blazers","Cavaliers","NBA","2023-2024","2025-02-01",,110,103,"H",,,,,,,,,,,,,,,,,,,,,1.872,1.923,,"historical_generation","2026-03-18T21:29:35.534458+00:00","2026-03-18T21:29:35.534458+00:00"
"jazz_76ers_2025-02-02","Jazz","76ers","NBA","2023-2024","2025-02-02",,123,132,"A",,,,,,,,,,,,,,,,,,,,,2.119,2.044,,"historical_generation","2026-03-18T21:29:35.534458+00:00","2026-03-18T21:29:35.534458+00:00"
"bucks_lakers_2025-02-04","Bucks","Lakers","NBA","2023-2024","2025-02-04",,134,123,"H",,,,,,,,,,,,,,,,,,,,,1.955,2.029,,"historical_generation","2026-03-18T21:29:35.534458+00:00","2026-03-18T21:29:35.534458+00:00"
"magic_76ers_2025-02-07","Magic","76ers","NBA","2023-2024","2025-02-07",,96,124,"A",,,,,,,,,,,,,,,,,,,,,2.102,2.038,,"historical_generation","2026-03-18T21:29:35.534458+00:00","2026-03-18T21:29:35.534458+00:00"
"lakers_thunder_2025-02-09","Lakers","Thunder","NBA","2023-2024","2025-02-09",,118,107,"H",,,,,,,,,,,,,,,,,,,,,1.964,2.005,,"historical_generation","2026-03-18T21:29:35.534458+00:00","2026-03-18T21:29:35.534458+00:00"
"spurs_magic_2025-02-11","Spurs","Magic","NBA","2023-2024","2025-02-11",,133,117,"H",,,,,,,,,,,,,,,,,,,,,1.988,1.854,,"historical_generation","2026-03-18T21:29:35.534458+00:00","2026-03-18T21:29:35.534458+00:00"
"jazz_bulls_2025-02-14","Jazz","Bulls","NBA","2023-2024","2025-02-14",,113,98,"H",,,,,,,,,,,,,,,,,,,,,1.851,1.913,,"historical_generation","2026-03-18T21:29:35.534458+00:00","2026-03-18T21:29:35.534458+00:00"
"hawks_warriors_2025-02-16","Hawks","Warriors","NBA","2023-2024","2025-02-16",,113,117,"A",,,,,,,,,,,,,,,,,,,,,2.016,2.106,,"historical_generation","2026-03-18T21:29:35.534458+00:00","2026-03-18T21:29:35.534458+00:00"
"suns_wizards_2025-02-19","Suns","Wizards","NBA","2023-2024","2025-02-19",,103,123,"A",,,,,,,,,,,,,,,,,,,,,2.123,2.004,,"historical_generation","2026-03-18T21:29:35.534458+00:00","2026-03-18T21:29:35.534458+00:00"
"pelicans_pistons_2025-02-20","Pelicans","Pistons","NBA","2023-2024","2025-02-20",,134,129,"H",,,,,,,,,,,,,,,,,,,,,2.062,2.055,,"historical_generation","2026-03-18T21:29:35.534458+00:00","2026-03-18T21:29:35.534458+00:00"
"nuggets_warriors_2025-02-22","Nuggets","Warriors","NBA","2023-2024","2025-02-22",,129,101,"H",,,,,,,,,,,,,,,,,,,,,1.939,2.113,,"historical_generation","2026-03-18T21:29:35.534458+00:00","2026-03-18T21:29:35.534458+00:00"
"pelicans_kings_2025-02-24","Pelicans","Kings","NBA","2023-2024","2025-02-24",,103,95,"H",,,,,,,,,,,,,,,,,,,,,1.871,2.129,,"historical_generation","2026-03-18T21:29:35.534458+00:00","2026-03-18T21:29:35.534458+00:00"
"bucks_pistons_2025-02-26","Bucks","Pistons","NBA","2023-2024","2025-02-26",,102,133,"A",,,,,,,,,,,,,,,,,,,,,1.87,2.077,,"historical_generation","2026-03-18T21:29:35.534458+00:00","2026-03-18T21:29:35.534458+00:00"
"thunder_nuggets_2025-02-27","Thunder","Nuggets","NBA","2023-2024","2025-02-27",,115,120,"A",,,,,,,,,,,,,,,,,,,,,1.961,1.871,,"historical_generation","2026-03-18T21:29:35.534458+00:00","2026-03-18T21:29:35.534458+00:00"
"wizards_bucks_2025-03-02","Wizards","Bucks","NBA","2023-2024","2025-03-02",,104,132,"A",,,,,,,,,,,,,,,,,,,,,1.915,1.957,,"historical_generation","2026-03-18T21:29:35.534458+00:00","2026-03-18T21:29:35.534458+00:00"
"kings_mavericks_2025-03-05","Kings","Mavericks","NBA","2023-2024","2025-03-05",,98,119,"A",,,,,,,,,,,,,,,,,,,,,1.938,2.039,,"historical_generation","2026-03-18T21:29:35.534458+00:00","2026-03-18T21:29:35.534458+00:00"
"thunder_bulls_2025-03-08","Thunder","Bulls","NBA","2023-2024","2025-03-08",,116,130,"A",,,,,,,,,,,,,,,,,,,,,1.96,2.061,,"historical_generation","2026-03-18T21:29:35.534458+00:00","2026-03-18T21:29:35.534458+00:00"
"suns_thunder_2025-03-11","Suns","Thunder","NBA","2023-2024","2025-03-11",,130,108,"H",,,,,,,,,,,,,,,,,,,,,1.984,1.871,,"historical_generation","2026-03-18T21:29:35.534458+00:00","2026-03-18T21:29:35.534458+00:00"
"76ers_hornets_2025-03-12","76ers","Hornets","NBA","2023-2024","2025-03-12",,116,99,"H",,,,,,,,,,,,,,,,,,,,,2.084,2.045,,"historical_generation","2026-03-18T21:29:35.534458+00:00","2026-03-18T21:29:35.534458+00:00"
"rockets_knicks_2025-03-15","Rockets","Knicks","NBA","2023-2024","2025-03-15",,114,113,"H",,,,,,,,,,,,,,,,,,,,,1.972,1.995,,"historical_generation","2026-03-18T21:29:35.534458+00:00","2026-03-18T21:29:35.534458+00:00"
"bulls_kings_2025-03-17","Bulls","Kings","NBA","2023-2024","2025-03-17",,119,115,"H",,,,,,,,,,,,,,,,,,,,,2.074,1.954,,"historical_generation","2026-03-18T21:29:35.534458+00:00","2026-03-18T21:29:35.534458+00:00"
"76ers_warriors_2025-03-19","76ers","Warriors","NBA","2023-2024","2025-03-19",,117,127,"A",,,,,,,,,,,,,,,,,,,,,1.948,1.897,,"historical_generation","2026-03-18T21:29:35.534458+00:00","2026-03-18T21:29:35.534458+00:00"
"wizards_magic_2025-03-21","Wizards","Magic","NBA","2023-2024","2025-03-21",,109,101,"H",,,,,,,,,,,,,,,,,,,,,2.017,2.079,,"historical_generation","2026-03-18T21:29:35.534458+00:00","2026-03-18T21:29:35.534458+00:00"
"raptors_mavericks_2025-03-24","Raptors","Mavericks","NBA","2023-2024","2025-03-24",,117,103,"H",,,,,,,,,,,,,,,,,,,,,1.99,1.947,,"historical_generation","2026-03-18T21:29:35.534458+00:00","2026-03-18T21:29:35.534458+00:00"
"hawks_bulls_2025-03-27","Hawks","Bulls","NBA","2023-2024","2025-03-27",,113,110,"H",,,,,,,,,,,,,,,,,,,,,1.887,2.147,,"historical_generation","2026-03-18T21:29:35.534458+00:00","2026-03-18T21:29:35.534458+00:00"
"pelicans_hornets_2025-03-29","Pelicans","Hornets","NBA","2023-2024","2025-03-29",,127,125,"H",,,,,,,,,,,,,,,,,,,,,2.001,1.923,,"historical_generation","2026-03-18T21:29:35.534458+00:00","2026-03-18T21:29:35.534458+00:00"
"bucks_suns_2025-04-01","Bucks","Suns","NBA","2023-2024","2025-04-01",,112,110,"H",,,,,,,,,,,,,,,,,,,,,2.081,1.955,,"historical_generation","2026-03-18T21:29:35.534458+00:00","2026-03-18T21:29:35.534458+00:00"
"knicks_hawks_2025-04-03","Knicks","Hawks","NBA","2023-2024","2025-04-03",,129,97,"H",,,,,,,,,,,,,,,,,,,,,2.119,2.077,,"historical_generation","2026-03-18T21:29:35.534458+00:00","2026-03-18T21:29:35.534458+00:00"
"trailblazers_hawks_2025-04-04","Trail Blazers","Hawks","NBA","2023-2024","2025-04-04",,109,114,"A",,,,,,,,,,,,,,,,,,,,,1.898,2.092,,"historical_generation","2026-03-18T21:29:35.534458+00:00","2026-03-18T21:29:35.534458+00:00"
"warriors_grizzlies_2025-04-07","Warriors","Grizzlies","NBA","2023-2024","2025-04-07",,132,119,"H",,,,,,,,,,,,,,,,,,,,,1.855,2.025,,"historical_generation","2026-03-18T21:29:35.534458+00:00","2026-03-18T21:29:35.534458+00:00"
"76ers_clippers_2025-04-10","76ers","Clippers","NBA","2023-2024","2025-04-10",,132,110,"H",,,,,,,,,,,,,,,,,,,,,2.032,1.985,,"historical_generation","2026-03-18T21:29:35.534458+00:00","2026-03-18T21:29:35.534458+00:00"
"clippers_timberwolves_2025-04-12","Clippers","Timberwolves","NBA","2023-2024","2025-04-12",,126,103,"H",,,,,,,,,,,,,,,,,,,,,2.01,2.024,,"historical_generation","2026-03-18T21:29:35.534458+00:00","2026-03-18T21:29:35.534458+00:00"
"cavaliers_76ers_2025-04-13","Cavaliers","76ers","NBA","2023-2024","2025-04-13",,109,122,"A",,,,,,,,,,,,,,,,,,,,,2.135,1.883,,"historical_generation","2026-03-18T21:29:36.297043+00:00","2026-03-18T21:29:36.297043+00:00"
"knicks_bulls_2025-04-15","Knicks","Bulls","NBA","2023-2024","2025-04-15",,123,126,"A",,,,,,,,,,,,,,,,,,,,,2.071,2.1,,"historical_generation","2026-03-18T21:29:36.297043+00:00","2026-03-18T21:29:36.297043+00:00"
"wizards_cavaliers_2024-10-01","Wizards","Cavaliers","NBA","2024-2025","2024-10-01",,110,106,"H",,,,,,,,,,,,,,,,,,,,,2.09,1.966,,"historical_generation","2026-03-18T21:29:36.297043+00:00","2026-03-18T21:29:36.297043+00:00"
"pelicans_timberwolves_2024-10-03","Pelicans","Timberwolves","NBA","2024-2025","2024-10-03",,129,107,"H",,,,,,,,,,,,,,,,,,,,,2.056,1.988,,"historical_generation","2026-03-18T21:29:36.297043+00:00","2026-03-18T21:29:36.297043+00:00"
"nets_bulls_2024-10-04","Nets","Bulls","NBA","2024-2025","2024-10-04",,112,129,"A",,,,,,,,,,,,,,,,,,,,,1.922,2.101,,"historical_generation","2026-03-18T21:29:36.297043+00:00","2026-03-18T21:29:36.297043+00:00"
"suns_mavericks_2024-10-06","Suns","Mavericks","NBA","2024-2025","2024-10-06",,123,118,"H",,,,,,,,,,,,,,,,,,,,,2.031,2.069,,"historical_generation","2026-03-18T21:29:36.297043+00:00","2026-03-18T21:29:36.297043+00:00"
"kings_mavericks_2024-10-09","Kings","Mavericks","NBA","2024-2025","2024-10-09",,130,128,"H",,,,,,,,,,,,,,,,,,,,,2.011,2.067,,"historical_generation","2026-03-18T21:29:36.297043+00:00","2026-03-18T21:29:36.297043+00:00"
"cavaliers_76ers_2024-10-10","Cavaliers","76ers","NBA","2024-2025","2024-10-10",,100,104,"A",,,,,,,,,,,,,,,,,,,,,2.121,2.072,,"historical_generation","2026-03-18T21:29:36.297043+00:00","2026-03-18T21:29:36.297043+00:00"
"pelicans_nets_2024-10-11","Pelicans","Nets","NBA","2024-2025","2024-10-11",,99,104,"A",,,,,,,,,,,,,,,,,,,,,2.049,2.126,,"historical_generation","2026-03-18T21:29:36.297043+00:00","2026-03-18T21:29:36.297043+00:00"
"kings_trailblazers_2024-10-12","Kings","Trail Blazers","NBA","2024-2025","2024-10-12",,104,99,"H",,,,,,,,,,,,,,,,,,,,,1.898,2.014,,"historical_generation","2026-03-18T21:29:36.297043+00:00","2026-03-18T21:29:36.297043+00:00"
"heat_bucks_2024-10-14","Heat","Bucks","NBA","2024-2025","2024-10-14",,122,103,"H",,,,,,,,,,,,,,,,,,,,,2.065,2.123,,"historical_generation","2026-03-18T21:29:36.297043+00:00","2026-03-18T21:29:36.297043+00:00"
"warriors_spurs_2024-10-17","Warriors","Spurs","NBA","2024-2025","2024-10-17",,104,131,"A",,,,,,,,,,,,,,,,,,,,,2.051,2.036,,"historical_generation","2026-03-18T21:29:36.297043+00:00","2026-03-18T21:29:36.297043+00:00"
"rockets_bulls_2024-10-19","Rockets","Bulls","NBA","2024-2025","2024-10-19",,129,114,"H",,,,,,,,,,,,,,,,,,,,,2.136,2.057,,"historical_generation","2026-03-18T21:29:36.297043+00:00","2026-03-18T21:29:36.297043+00:00"
"clippers_bucks_2024-10-20","Clippers","Bucks","NBA","2024-2025","2024-10-20",,132,100,"H",,,,,,,,,,,,,,,,,,,,,1.991,1.876,,"historical_generation","2026-03-18T21:29:36.297043+00:00","2026-03-18T21:29:36.297043+00:00"
"hawks_nuggets_2024-10-23","Hawks","Nuggets","NBA","2024-2025","2024-10-23",,128,119,"H",,,,,,,,,,,,,,,,,,,,,2.089,1.916,,"historical_generation","2026-03-18T21:29:36.297043+00:00","2026-03-18T21:29:36.297043+00:00"
"bulls_timberwolves_2024-10-24","Bulls","Timberwolves","NBA","2024-2025","2024-10-24",,96,104,"A",,,,,,,,,,,,,,,,,,,,,1.882,2.016,,"historical_generation","2026-03-18T21:29:36.297043+00:00","2026-03-18T21:29:36.297043+00:00"
"kings_grizzlies_2024-10-27","Kings","Grizzlies","NBA","2024-2025","2024-10-27",,124,106,"H",,,,,,,,,,,,,,,,,,,,,2.004,1.899,,"historical_generation","2026-03-18T21:29:36.297043+00:00","2026-03-18T21:29:36.297043+00:00"
"pelicans_lakers_2024-10-29","Pelicans","Lakers","NBA","2024-2025","2024-10-29",,109,113,"A",,,,,,,,,,,,,,,,,,,,,2.044,2.059,,"historical_generation","2026-03-18T21:29:36.297043+00:00","2026-03-18T21:29:36.297043+00:00"
"trailblazers_pelicans_2024-10-30","Trail Blazers","Pelicans","NBA","2024-2025","2024-10-30",,96,125,"A",,,,,,,,,,,,,,,,,,,,,1.9,2.03,,"historical_generation","2026-03-18T21:29:36.297043+00:00","2026-03-18T21:29:36.297043+00:00"
"hawks_nuggets_2024-11-01","Hawks","Nuggets","NBA","2024-2025","2024-11-01",,119,113,"H",,,,,,,,,,,,,,,,,,,,,1.851,1.944,,"historical_generation","2026-03-18T21:29:36.297043+00:00","2026-03-18T21:29:36.297043+00:00"
"cavaliers_clippers_2024-11-03","Cavaliers","Clippers","NBA","2024-2025","2024-11-03",,98,117,"A",,,,,,,,,,,,,,,,,,,,,2.146,1.972,,"historical_generation","2026-03-18T21:29:36.297043+00:00","2026-03-18T21:29:36.297043+00:00"
"timberwolves_clippers_2024-11-04","Timberwolves","Clippers","NBA","2024-2025","2024-11-04",,113,110,"H",,,,,,,,,,,,,,,,,,,,,2.069,1.931,,"historical_generation","2026-03-18T21:29:36.297043+00:00","2026-03-18T21:29:36.297043+00:00"
"pacers_wizards_2024-11-07","Pacers","Wizards","NBA","2024-2025","2024-11-07",,123,111,"H",,,,,,,,,,,,,,,,,,,,,1.906,1.911,,"historical_generation","2026-03-18T21:29:36.297043+00:00","2026-03-18T21:29:36.297043+00:00"
"magic_suns_2024-11-08","Magic","Suns","NBA","2024-2025","2024-11-08",,128,129,"A",,,,,,,,,,,,,,,,,,,,,2.034,1.908,,"historical_generation","2026-03-18T21:29:36.297043+00:00","2026-03-18T21:29:36.297043+00:00"
"jazz_thunder_2024-11-11","Jazz","Thunder","NBA","2024-2025","2024-11-11",,101,96,"H",,,,,,,,,,,,,,,,,,,,,2.093,1.861,,"historical_generation","2026-03-18T21:29:36.297043+00:00","2026-03-18T21:29:36.297043+00:00"
"thunder_hornets_2024-11-14","Thunder","Hornets","NBA","2024-2025","2024-11-14",,122,115,"H",,,,,,,,,,,,,,,,,,,,,1.881,1.889,,"historical_generation","2026-03-18T21:29:36.297043+00:00","2026-03-18T21:29:36.297043+00:00"
"kings_suns_2024-11-15","Kings","Suns","NBA","2024-2025","2024-11-15",,119,119,"A",,,,,,,,,,,,,,,,,,,,,2,1.973,,"historical_generation","2026-03-18T21:29:36.297043+00:00","2026-03-18T21:29:36.297043+00:00"
"pacers_clippers_2024-11-17","Pacers","Clippers","NBA","2024-2025","2024-11-17",,125,110,"H",,,,,,,,,,,,,,,,,,,,,2.066,2.123,,"historical_generation","2026-03-18T21:29:36.297043+00:00","2026-03-18T21:29:36.297043+00:00"
"kings_nets_2024-11-18","Kings","Nets","NBA","2024-2025","2024-11-18",,112,134,"A",,,,,,,,,,,,,,,,,,,,,1.919,1.918,,"historical_generation","2026-03-18T21:29:36.297043+00:00","2026-03-18T21:29:36.297043+00:00"
"suns_pistons_2024-11-19","Suns","Pistons","NBA","2024-2025","2024-11-19",,109,116,"A",,,,,,,,,,,,,,,,,,,,,1.981,2.019,,"historical_generation","2026-03-18T21:29:36.297043+00:00","2026-03-18T21:29:36.297043+00:00"
"wizards_kings_2024-11-22","Wizards","Kings","NBA","2024-2025","2024-11-22",,120,116,"H",,,,,,,,,,,,,,,,,,,,,2.017,2.079,,"historical_generation","2026-03-18T21:29:36.297043+00:00","2026-03-18T21:29:36.297043+00:00"
"lakers_pelicans_2024-11-24","Lakers","Pelicans","NBA","2024-2025","2024-11-24",,127,113,"H",,,,,,,,,,,,,,,,,,,,,1.97,1.955,,"historical_generation","2026-03-18T21:29:36.297043+00:00","2026-03-18T21:29:36.297043+00:00"
"pacers_heat_2024-11-26","Pacers","Heat","NBA","2024-2025","2024-11-26",,100,102,"A",,,,,,,,,,,,,,,,,,,,,1.896,1.95,,"historical_generation","2026-03-18T21:29:36.297043+00:00","2026-03-18T21:29:36.297043+00:00"
"celtics_cavaliers_2024-11-28","Celtics","Cavaliers","NBA","2024-2025","2024-11-28",,130,109,"H",,,,,,,,,,,,,,,,,,,,,1.954,1.946,,"historical_generation","2026-03-18T21:29:36.297043+00:00","2026-03-18T21:29:36.297043+00:00"
"celtics_bucks_2024-11-29","Celtics","Bucks","NBA","2024-2025","2024-11-29",,101,113,"A",,,,,,,,,,,,,,,,,,,,,2.025,2.085,,"historical_generation","2026-03-18T21:29:36.297043+00:00","2026-03-18T21:29:36.297043+00:00"
"timberwolves_pacers_2024-12-01","Timberwolves","Pacers","NBA","2024-2025","2024-12-01",,123,111,"H",,,,,,,,,,,,,,,,,,,,,1.998,1.899,,"historical_generation","2026-03-18T21:29:36.297043+00:00","2026-03-18T21:29:36.297043+00:00"
"knicks_kings_2024-12-03","Knicks","Kings","NBA","2024-2025","2024-12-03",,119,102,"H",,,,,,,,,,,,,,,,,,,,,1.984,1.996,,"historical_generation","2026-03-18T21:29:36.297043+00:00","2026-03-18T21:29:36.297043+00:00"
"spurs_jazz_2024-12-04","Spurs","Jazz","NBA","2024-2025","2024-12-04",,126,110,"H",,,,,,,,,,,,,,,,,,,,,2.044,2.015,,"historical_generation","2026-03-18T21:29:36.297043+00:00","2026-03-18T21:29:36.297043+00:00"
"cavaliers_heat_2024-12-07","Cavaliers","Heat","NBA","2024-2025","2024-12-07",,109,117,"A",,,,,,,,,,,,,,,,,,,,,1.944,1.944,,"historical_generation","2026-03-18T21:29:36.297043+00:00","2026-03-18T21:29:36.297043+00:00"
"knicks_grizzlies_2024-12-08","Knicks","Grizzlies","NBA","2024-2025","2024-12-08",,100,107,"A",,,,,,,,,,,,,,,,,,,,,1.86,2.036,,"historical_generation","2026-03-18T21:29:36.297043+00:00","2026-03-18T21:29:36.297043+00:00"
"bulls_lakers_2024-12-10","Bulls","Lakers","NBA","2024-2025","2024-12-10",,134,103,"H",,,,,,,,,,,,,,,,,,,,,2.076,1.997,,"historical_generation","2026-03-18T21:29:36.297043+00:00","2026-03-18T21:29:36.297043+00:00"
"lakers_thunder_2024-12-12","Lakers","Thunder","NBA","2024-2025","2024-12-12",,126,104,"H",,,,,,,,,,,,,,,,,,,,,2.027,2.035,,"historical_generation","2026-03-18T21:29:36.297043+00:00","2026-03-18T21:29:36.297043+00:00"
"76ers_knicks_2024-12-15","76ers","Knicks","NBA","2024-2025","2024-12-15",,125,103,"H",,,,,,,,,,,,,,,,,,,,,1.894,1.879,,"historical_generation","2026-03-18T21:29:36.297043+00:00","2026-03-18T21:29:36.297043+00:00"
"magic_clippers_2024-12-18","Magic","Clippers","NBA","2024-2025","2024-12-18",,119,118,"H",,,,,,,,,,,,,,,,,,,,,2.089,1.867,,"historical_generation","2026-03-18T21:29:36.297043+00:00","2026-03-18T21:29:36.297043+00:00"
"grizzlies_knicks_2024-12-21","Grizzlies","Knicks","NBA","2024-2025","2024-12-21",,104,99,"H",,,,,,,,,,,,,,,,,,,,,2.139,2.013,,"historical_generation","2026-03-18T21:29:36.297043+00:00","2026-03-18T21:29:36.297043+00:00"
"lakers_timberwolves_2024-12-24","Lakers","Timberwolves","NBA","2024-2025","2024-12-24",,97,125,"A",,,,,,,,,,,,,,,,,,,,,1.997,1.868,,"historical_generation","2026-03-18T21:29:36.297043+00:00","2026-03-18T21:29:36.297043+00:00"
"nets_cavaliers_2024-12-27","Nets","Cavaliers","NBA","2024-2025","2024-12-27",,106,125,"A",,,,,,,,,,,,,,,,,,,,,1.857,2.096,,"historical_generation","2026-03-18T21:29:36.297043+00:00","2026-03-18T21:29:36.297043+00:00"
"celtics_grizzlies_2024-12-30","Celtics","Grizzlies","NBA","2024-2025","2024-12-30",,116,134,"A",,,,,,,,,,,,,,,,,,,,,1.958,1.974,,"historical_generation","2026-03-18T21:29:36.297043+00:00","2026-03-18T21:29:36.297043+00:00"
"grizzlies_raptors_2024-12-31","Grizzlies","Raptors","NBA","2024-2025","2024-12-31",,125,126,"A",,,,,,,,,,,,,,,,,,,,,2.128,1.915,,"historical_generation","2026-03-18T21:29:36.297043+00:00","2026-03-18T21:29:36.297043+00:00"
"raptors_grizzlies_2025-01-01","Raptors","Grizzlies","NBA","2024-2025","2025-01-01",,133,128,"H",,,,,,,,,,,,,,,,,,,,,1.86,2.13,,"historical_generation","2026-03-18T21:29:36.297043+00:00","2026-03-18T21:29:36.297043+00:00"
"magic_raptors_2025-01-03","Magic","Raptors","NBA","2024-2025","2025-01-03",,108,126,"A",,,,,,,,,,,,,,,,,,,,,1.901,2.118,,"historical_generation","2026-03-18T21:29:36.297043+00:00","2026-03-18T21:29:36.297043+00:00"
"trailblazers_nuggets_2025-01-05","Trail Blazers","Nuggets","NBA","2024-2025","2025-01-05",,109,116,"A",,,,,,,,,,,,,,,,,,,,,2.036,1.995,,"historical_generation","2026-03-18T21:29:36.297043+00:00","2026-03-18T21:29:36.297043+00:00"
"bulls_76ers_2025-01-07","Bulls","76ers","NBA","2024-2025","2025-01-07",,98,104,"A",,,,,,,,,,,,,,,,,,,,,1.857,1.931,,"historical_generation","2026-03-18T21:29:36.297043+00:00","2026-03-18T21:29:36.297043+00:00"
"grizzlies_heat_2025-01-10","Grizzlies","Heat","NBA","2024-2025","2025-01-10",,125,101,"H",,,,,,,,,,,,,,,,,,,,,1.856,2.084,,"historical_generation","2026-03-18T21:29:36.297043+00:00","2026-03-18T21:29:36.297043+00:00"
"rockets_lakers_2025-01-11","Rockets","Lakers","NBA","2024-2025","2025-01-11",,131,117,"H",,,,,,,,,,,,,,,,,,,,,1.878,2.005,,"historical_generation","2026-03-18T21:29:36.297043+00:00","2026-03-18T21:29:36.297043+00:00"
"lakers_pistons_2025-01-12","Lakers","Pistons","NBA","2024-2025","2025-01-12",,129,123,"H",,,,,,,,,,,,,,,,,,,,,1.951,1.905,,"historical_generation","2026-03-18T21:29:36.297043+00:00","2026-03-18T21:29:36.297043+00:00"
"pelicans_spurs_2025-01-14","Pelicans","Spurs","NBA","2024-2025","2025-01-14",,107,131,"A",,,,,,,,,,,,,,,,,,,,,2.123,2.1,,"historical_generation","2026-03-18T21:29:36.297043+00:00","2026-03-18T21:29:36.297043+00:00"
"wizards_raptors_2025-01-16","Wizards","Raptors","NBA","2024-2025","2025-01-16",,97,126,"A",,,,,,,,,,,,,,,,,,,,,2.06,1.87,,"historical_generation","2026-03-18T21:29:36.297043+00:00","2026-03-18T21:29:36.297043+00:00"
"magic_timberwolves_2025-01-19","Magic","Timberwolves","NBA","2024-2025","2025-01-19",,127,113,"H",,,,,,,,,,,,,,,,,,,,,2.068,2.098,,"historical_generation","2026-03-18T21:29:36.297043+00:00","2026-03-18T21:29:36.297043+00:00"
"wizards_trailblazers_2025-01-20","Wizards","Trail Blazers","NBA","2024-2025","2025-01-20",,122,108,"H",,,,,,,,,,,,,,,,,,,,,1.949,2.064,,"historical_generation","2026-03-18T21:29:36.297043+00:00","2026-03-18T21:29:36.297043+00:00"
"rockets_hornets_2025-01-21","Rockets","Hornets","NBA","2024-2025","2025-01-21",,110,123,"A",,,,,,,,,,,,,,,,,,,,,1.994,1.964,,"historical_generation","2026-03-18T21:29:36.297043+00:00","2026-03-18T21:29:36.297043+00:00"
"wizards_suns_2025-01-23","Wizards","Suns","NBA","2024-2025","2025-01-23",,118,112,"H",,,,,,,,,,,,,,,,,,,,,1.91,1.873,,"historical_generation","2026-03-18T21:29:36.297043+00:00","2026-03-18T21:29:36.297043+00:00"
"bulls_bucks_2025-01-25","Bulls","Bucks","NBA","2024-2025","2025-01-25",,118,108,"H",,,,,,,,,,,,,,,,,,,,,2.036,1.883,,"historical_generation","2026-03-18T21:29:36.297043+00:00","2026-03-18T21:29:36.297043+00:00"
"raptors_cavaliers_2025-01-26","Raptors","Cavaliers","NBA","2024-2025","2025-01-26",,125,110,"H",,,,,,,,,,,,,,,,,,,,,2.108,2.068,,"historical_generation","2026-03-18T21:29:36.297043+00:00","2026-03-18T21:29:36.297043+00:00"
"knicks_spurs_2025-01-27","Knicks","Spurs","NBA","2024-2025","2025-01-27",,129,109,"H",,,,,,,,,,,,,,,,,,,,,2.008,2.019,,"historical_generation","2026-03-18T21:29:36.297043+00:00","2026-03-18T21:29:36.297043+00:00"
"raptors_hornets_2025-01-29","Raptors","Hornets","NBA","2024-2025","2025-01-29",,124,117,"H",,,,,,,,,,,,,,,,,,,,,1.895,2.085,,"historical_generation","2026-03-18T21:29:36.297043+00:00","2026-03-18T21:29:36.297043+00:00"
"bulls_thunder_2025-02-01","Bulls","Thunder","NBA","2024-2025","2025-02-01",,113,103,"H",,,,,,,,,,,,,,,,,,,,,2.031,2.073,,"historical_generation","2026-03-18T21:29:36.297043+00:00","2026-03-18T21:29:36.297043+00:00"
"kings_celtics_2025-02-04","Kings","Celtics","NBA","2024-2025","2025-02-04",,106,112,"A",,,,,,,,,,,,,,,,,,,,,1.986,2.148,,"historical_generation","2026-03-18T21:29:36.297043+00:00","2026-03-18T21:29:36.297043+00:00"
"lakers_pacers_2025-02-07","Lakers","Pacers","NBA","2024-2025","2025-02-07",,105,131,"A",,,,,,,,,,,,,,,,,,,,,1.955,1.949,,"historical_generation","2026-03-18T21:29:36.297043+00:00","2026-03-18T21:29:36.297043+00:00"
"timberwolves_jazz_2025-02-10","Timberwolves","Jazz","NBA","2024-2025","2025-02-10",,130,119,"H",,,,,,,,,,,,,,,,,,,,,2.078,1.976,,"historical_generation","2026-03-18T21:29:36.297043+00:00","2026-03-18T21:29:36.297043+00:00"
"hawks_nuggets_2025-02-12","Hawks","Nuggets","NBA","2024-2025","2025-02-12",,133,104,"H",,,,,,,,,,,,,,,,,,,,,1.874,1.935,,"historical_generation","2026-03-18T21:29:36.297043+00:00","2026-03-18T21:29:36.297043+00:00"
"thunder_76ers_2025-02-14","Thunder","76ers","NBA","2024-2025","2025-02-14",,124,128,"A",,,,,,,,,,,,,,,,,,,,,2.069,1.944,,"historical_generation","2026-03-18T21:29:36.297043+00:00","2026-03-18T21:29:36.297043+00:00"
"nets_magic_2025-02-16","Nets","Magic","NBA","2024-2025","2025-02-16",,105,128,"A",,,,,,,,,,,,,,,,,,,,,1.868,1.896,,"historical_generation","2026-03-18T21:29:36.297043+00:00","2026-03-18T21:29:36.297043+00:00"
"heat_wizards_2025-02-18","Heat","Wizards","NBA","2024-2025","2025-02-18",,118,97,"H",,,,,,,,,,,,,,,,,,,,,1.853,2.096,,"historical_generation","2026-03-18T21:29:36.297043+00:00","2026-03-18T21:29:36.297043+00:00"
"magic_spurs_2025-02-19","Magic","Spurs","NBA","2024-2025","2025-02-19",,126,126,"A",,,,,,,,,,,,,,,,,,,,,1.859,2.142,,"historical_generation","2026-03-18T21:29:36.297043+00:00","2026-03-18T21:29:36.297043+00:00"
"pelicans_magic_2025-02-21","Pelicans","Magic","NBA","2024-2025","2025-02-21",,100,133,"A",,,,,,,,,,,,,,,,,,,,,1.955,2.043,,"historical_generation","2026-03-18T21:29:36.297043+00:00","2026-03-18T21:29:36.297043+00:00"
"thunder_bucks_2025-02-22","Thunder","Bucks","NBA","2024-2025","2025-02-22",,115,131,"A",,,,,,,,,,,,,,,,,,,,,2.106,2.007,,"historical_generation","2026-03-18T21:29:36.297043+00:00","2026-03-18T21:29:36.297043+00:00"
"suns_wizards_2025-02-25","Suns","Wizards","NBA","2024-2025","2025-02-25",,125,132,"A",,,,,,,,,,,,,,,,,,,,,2.051,2.017,,"historical_generation","2026-03-18T21:29:36.297043+00:00","2026-03-18T21:29:36.297043+00:00"
"jazz_suns_2025-02-26","Jazz","Suns","NBA","2024-2025","2025-02-26",,133,126,"H",,,,,,,,,,,,,,,,,,,,,2.132,2.12,,"historical_generation","2026-03-18T21:29:36.297043+00:00","2026-03-18T21:29:36.297043+00:00"
"trailblazers_76ers_2025-03-01","Trail Blazers","76ers","NBA","2024-2025","2025-03-01",,127,99,"H",,,,,,,,,,,,,,,,,,,,,2.019,1.859,,"historical_generation","2026-03-18T21:29:36.297043+00:00","2026-03-18T21:29:36.297043+00:00"
"nets_mavericks_2025-03-02","Nets","Mavericks","NBA","2024-2025","2025-03-02",,119,119,"A",,,,,,,,,,,,,,,,,,,,,1.883,1.973,,"historical_generation","2026-03-18T21:29:36.297043+00:00","2026-03-18T21:29:36.297043+00:00"
"thunder_magic_2025-03-04","Thunder","Magic","NBA","2024-2025","2025-03-04",,131,106,"H",,,,,,,,,,,,,,,,,,,,,2.012,1.958,,"historical_generation","2026-03-18T21:29:36.297043+00:00","2026-03-18T21:29:36.297043+00:00"
"warriors_grizzlies_2025-03-06","Warriors","Grizzlies","NBA","2024-2025","2025-03-06",,105,134,"A",,,,,,,,,,,,,,,,,,,,,2.142,2.071,,"historical_generation","2026-03-18T21:29:36.297043+00:00","2026-03-18T21:29:36.297043+00:00"
"hornets_jazz_2025-03-08","Hornets","Jazz","NBA","2024-2025","2025-03-08",,124,101,"H",,,,,,,,,,,,,,,,,,,,,1.855,2.141,,"historical_generation","2026-03-18T21:29:36.297043+00:00","2026-03-18T21:29:36.297043+00:00"
"hornets_76ers_2025-03-10","Hornets","76ers","NBA","2024-2025","2025-03-10",,131,105,"H",,,,,,,,,,,,,,,,,,,,,2.146,1.895,,"historical_generation","2026-03-18T21:29:36.297043+00:00","2026-03-18T21:29:36.297043+00:00"
"clippers_pistons_2025-03-11","Clippers","Pistons","NBA","2024-2025","2025-03-11",,118,113,"H",,,,,,,,,,,,,,,,,,,,,2.06,1.856,,"historical_generation","2026-03-18T21:29:36.297043+00:00","2026-03-18T21:29:36.297043+00:00"
"trailblazers_lakers_2025-03-14","Trail Blazers","Lakers","NBA","2024-2025","2025-03-14",,95,130,"A",,,,,,,,,,,,,,,,,,,,,2.019,2.03,,"historical_generation","2026-03-18T21:29:36.297043+00:00","2026-03-18T21:29:36.297043+00:00"
"nuggets_clippers_2025-03-17","Nuggets","Clippers","NBA","2024-2025","2025-03-17",,124,105,"H",,,,,,,,,,,,,,,,,,,,,1.996,2.069,,"historical_generation","2026-03-18T21:29:36.297043+00:00","2026-03-18T21:29:36.297043+00:00"
"knicks_warriors_2025-03-20","Knicks","Warriors","NBA","2024-2025","2025-03-20",,103,114,"A",,,,,,,,,,,,,,,,,,,,,2.03,2.071,,"historical_generation","2026-03-18T21:29:36.297043+00:00","2026-03-18T21:29:36.297043+00:00"
"trailblazers_heat_2025-03-21","Trail Blazers","Heat","NBA","2024-2025","2025-03-21",,130,99,"H",,,,,,,,,,,,,,,,,,,,,1.966,1.869,,"historical_generation","2026-03-18T21:29:36.297043+00:00","2026-03-18T21:29:36.297043+00:00"
"bulls_celtics_2025-03-24","Bulls","Celtics","NBA","2024-2025","2025-03-24",,107,107,"A",,,,,,,,,,,,,,,,,,,,,1.936,1.996,,"historical_generation","2026-03-18T21:29:36.297043+00:00","2026-03-18T21:29:36.297043+00:00"
"rockets_timberwolves_2025-03-25","Rockets","Timberwolves","NBA","2024-2025","2025-03-25",,110,115,"A",,,,,,,,,,,,,,,,,,,,,1.943,1.939,,"historical_generation","2026-03-18T21:29:36.297043+00:00","2026-03-18T21:29:36.297043+00:00"
"knicks_grizzlies_2025-03-28","Knicks","Grizzlies","NBA","2024-2025","2025-03-28",,113,119,"A",,,,,,,,,,,,,,,,,,,,,2.044,2.079,,"historical_generation","2026-03-18T21:29:36.297043+00:00","2026-03-18T21:29:36.297043+00:00"
"cavaliers_celtics_2025-03-29","Cavaliers","Celtics","NBA","2024-2025","2025-03-29",,128,115,"H",,,,,,,,,,,,,,,,,,,,,2.049,2.132,,"historical_generation","2026-03-18T21:29:36.297043+00:00","2026-03-18T21:29:36.297043+00:00"
"hawks_timberwolves_2025-03-30","Hawks","Timberwolves","NBA","2024-2025","2025-03-30",,104,134,"A",,,,,,,,,,,,,,,,,,,,,1.864,2.104,,"historical_generation","2026-03-18T21:29:36.297043+00:00","2026-03-18T21:29:36.297043+00:00"
"magic_knicks_2025-04-01","Magic","Knicks","NBA","2024-2025","2025-04-01",,99,130,"A",,,,,,,,,,,,,,,,,,,,,1.898,2.148,,"historical_generation","2026-03-18T21:29:36.297043+00:00","2026-03-18T21:29:36.297043+00:00"
"lakers_rockets_2025-04-04","Lakers","Rockets","NBA","2024-2025","2025-04-04",,128,117,"H",,,,,,,,,,,,,,,,,,,,,2.069,1.901,,"historical_generation","2026-03-18T21:29:36.297043+00:00","2026-03-18T21:29:36.297043+00:00"
"kings_nuggets_2025-04-06","Kings","Nuggets","NBA","2024-2025","2025-04-06",,117,112,"H",,,,,,,,,,,,,,,,,,,,,2.083,1.881,,"historical_generation","2026-03-18T21:29:36.297043+00:00","2026-03-18T21:29:36.297043+00:00"
"bucks_raptors_2025-04-07","Bucks","Raptors","NBA","2024-2025","2025-04-07",,101,113,"A",,,,,,,,,,,,,,,,,,,,,2.109,1.982,,"historical_generation","2026-03-18T21:29:36.297043+00:00","2026-03-18T21:29:36.297043+00:00"
"warriors_celtics_2025-04-10","Warriors","Celtics","NBA","2024-2025","2025-04-10",,109,117,"A",,,,,,,,,,,,,,,,,,,,,2.137,2.126,,"historical_generation","2026-03-18T21:29:36.297043+00:00","2026-03-18T21:29:36.297043+00:00"
"wizards_pistons_2025-04-12","Wizards","Pistons","NBA","2024-2025","2025-04-12",,131,123,"H",,,,,,,,,,,,,,,,,,,,,1.938,2.112,,"historical_generation","2026-03-18T21:29:36.581916+00:00","2026-03-18T21:29:36.581916+00:00"
"warriors_hawks_2025-04-15","Warriors","Hawks","NBA","2024-2025","2025-04-15",,128,123,"H",,,,,,,,,,,,,,,,,,,,,2.102,2.028,,"historical_generation","2026-03-18T21:29:36.581916+00:00","2026-03-18T21:29:36.581916+00:00"
"clippers_grizzlies_2024-10-01","Clippers","Grizzlies","NBA","2023-2024","2024-10-01",,118,96,"H",,,,,,,,,,,,,,,,,,,,,2.046,1.875,,"historical_generation","2026-03-18T21:37:35.947063+00:00","2026-03-18T21:37:35.947063+00:00"
"warriors_timberwolves_2024-10-04","Warriors","Timberwolves","NBA","2023-2024","2024-10-04",,126,100,"H",,,,,,,,,,,,,,,,,,,,,2.103,1.924,,"historical_generation","2026-03-18T21:37:35.947063+00:00","2026-03-18T21:37:35.947063+00:00"
"thunder_heat_2024-10-06","Thunder","Heat","NBA","2023-2024","2024-10-06",,116,104,"H",,,,,,,,,,,,,,,,,,,,,2.118,1.882,,"historical_generation","2026-03-18T21:37:35.947063+00:00","2026-03-18T21:37:35.947063+00:00"
"bucks_magic_2024-10-07","Bucks","Magic","NBA","2023-2024","2024-10-07",,126,95,"H",,,,,,,,,,,,,,,,,,,,,1.968,1.882,,"historical_generation","2026-03-18T21:37:35.947063+00:00","2026-03-18T21:37:35.947063+00:00"
"raptors_cavaliers_2024-10-08","Raptors","Cavaliers","NBA","2023-2024","2024-10-08",,109,97,"H",,,,,,,,,,,,,,,,,,,,,2.122,2.09,,"historical_generation","2026-03-18T21:37:35.947063+00:00","2026-03-18T21:37:35.947063+00:00"
"pistons_mavericks_2024-10-09","Pistons","Mavericks","NBA","2023-2024","2024-10-09",,95,100,"A",,,,,,,,,,,,,,,,,,,,,2.136,1.865,,"historical_generation","2026-03-18T21:37:35.947063+00:00","2026-03-18T21:37:35.947063+00:00"
"thunder_spurs_2024-10-10","Thunder","Spurs","NBA","2023-2024","2024-10-10",,116,129,"A",,,,,,,,,,,,,,,,,,,,,1.967,1.965,,"historical_generation","2026-03-18T21:37:35.947063+00:00","2026-03-18T21:37:35.947063+00:00"
"thunder_jazz_2024-10-11","Thunder","Jazz","NBA","2023-2024","2024-10-11",,113,112,"H",,,,,,,,,,,,,,,,,,,,,1.885,2.006,,"historical_generation","2026-03-18T21:37:35.947063+00:00","2026-03-18T21:37:35.947063+00:00"
"pistons_timberwolves_2024-10-12","Pistons","Timberwolves","NBA","2023-2024","2024-10-12",,111,104,"H",,,,,,,,,,,,,,,,,,,,,1.875,1.997,,"historical_generation","2026-03-18T21:37:35.947063+00:00","2026-03-18T21:37:35.947063+00:00"
"76ers_magic_2024-10-15","76ers","Magic","NBA","2023-2024","2024-10-15",,96,110,"A",,,,,,,,,,,,,,,,,,,,,2.109,1.906,,"historical_generation","2026-03-18T21:37:35.947063+00:00","2026-03-18T21:37:35.947063+00:00"
"pacers_bulls_2024-10-16","Pacers","Bulls","NBA","2023-2024","2024-10-16",,110,95,"H",,,,,,,,,,,,,,,,,,,,,2.087,1.997,,"historical_generation","2026-03-18T21:37:35.947063+00:00","2026-03-18T21:37:35.947063+00:00"
"clippers_raptors_2024-10-17","Clippers","Raptors","NBA","2023-2024","2024-10-17",,123,103,"H",,,,,,,,,,,,,,,,,,,,,2.079,1.904,,"historical_generation","2026-03-18T21:37:35.947063+00:00","2026-03-18T21:37:35.947063+00:00"
"heat_76ers_2024-10-19","Heat","76ers","NBA","2023-2024","2024-10-19",,103,122,"A",,,,,,,,,,,,,,,,,,,,,2.065,1.947,,"historical_generation","2026-03-18T21:37:35.947063+00:00","2026-03-18T21:37:35.947063+00:00"
"timberwolves_heat_2024-10-21","Timberwolves","Heat","NBA","2023-2024","2024-10-21",,101,96,"H",,,,,,,,,,,,,,,,,,,,,2.148,2.143,,"historical_generation","2026-03-18T21:37:35.947063+00:00","2026-03-18T21:37:35.947063+00:00"
"bucks_pelicans_2024-10-22","Bucks","Pelicans","NBA","2023-2024","2024-10-22",,111,134,"A",,,,,,,,,,,,,,,,,,,,,2.026,2.001,,"historical_generation","2026-03-18T21:37:35.947063+00:00","2026-03-18T21:37:35.947063+00:00"
"bulls_warriors_2024-10-24","Bulls","Warriors","NBA","2023-2024","2024-10-24",,119,118,"H",,,,,,,,,,,,,,,,,,,,,2.047,2.13,,"historical_generation","2026-03-18T21:37:35.947063+00:00","2026-03-18T21:37:35.947063+00:00"
"timberwolves_kings_2024-10-26","Timberwolves","Kings","NBA","2023-2024","2024-10-26",,125,121,"H",,,,,,,,,,,,,,,,,,,,,1.956,1.87,,"historical_generation","2026-03-18T21:37:35.947063+00:00","2026-03-18T21:37:35.947063+00:00"
"nets_hornets_2024-10-29","Nets","Hornets","NBA","2023-2024","2024-10-29",,107,105,"H",,,,,,,,,,,,,,,,,,,,,2.095,2.138,,"historical_generation","2026-03-18T21:37:35.947063+00:00","2026-03-18T21:37:35.947063+00:00"
"wizards_magic_2024-10-31","Wizards","Magic","NBA","2023-2024","2024-10-31",,105,131,"A",,,,,,,,,,,,,,,,,,,,,1.925,1.888,,"historical_generation","2026-03-18T21:37:35.947063+00:00","2026-03-18T21:37:35.947063+00:00"
"grizzlies_cavaliers_2024-11-01","Grizzlies","Cavaliers","NBA","2023-2024","2024-11-01",,97,126,"A",,,,,,,,,,,,,,,,,,,,,1.987,1.99,,"historical_generation","2026-03-18T21:37:35.947063+00:00","2026-03-18T21:37:35.947063+00:00"
"nuggets_hawks_2024-11-04","Nuggets","Hawks","NBA","2023-2024","2024-11-04",,130,122,"H",,,,,,,,,,,,,,,,,,,,,2.076,2.095,,"historical_generation","2026-03-18T21:37:35.947063+00:00","2026-03-18T21:37:35.947063+00:00"
"nuggets_suns_2024-11-06","Nuggets","Suns","NBA","2023-2024","2024-11-06",,113,95,"H",,,,,,,,,,,,,,,,,,,,,2.013,2.022,,"historical_generation","2026-03-18T21:37:35.947063+00:00","2026-03-18T21:37:35.947063+00:00"
"cavaliers_bulls_2024-11-08","Cavaliers","Bulls","NBA","2023-2024","2024-11-08",,98,98,"A",,,,,,,,,,,,,,,,,,,,,2.012,1.951,,"historical_generation","2026-03-18T21:37:35.947063+00:00","2026-03-18T21:37:35.947063+00:00"
"raptors_pacers_2024-11-11","Raptors","Pacers","NBA","2023-2024","2024-11-11",,122,117,"H",,,,,,,,,,,,,,,,,,,,,2.064,1.934,,"historical_generation","2026-03-18T21:37:35.947063+00:00","2026-03-18T21:37:35.947063+00:00"
"nuggets_bulls_2024-11-14","Nuggets","Bulls","NBA","2023-2024","2024-11-14",,103,109,"A",,,,,,,,,,,,,,,,,,,,,2.072,1.917,,"historical_generation","2026-03-18T21:37:35.947063+00:00","2026-03-18T21:37:35.947063+00:00"
"nuggets_bulls_2024-11-15","Nuggets","Bulls","NBA","2023-2024","2024-11-15",,131,127,"H",,,,,,,,,,,,,,,,,,,,,1.958,1.859,,"historical_generation","2026-03-18T21:37:35.947063+00:00","2026-03-18T21:37:35.947063+00:00"
"nets_magic_2024-11-18","Nets","Magic","NBA","2023-2024","2024-11-18",,118,126,"A",,,,,,,,,,,,,,,,,,,,,2.028,1.877,,"historical_generation","2026-03-18T21:37:35.947063+00:00","2026-03-18T21:37:35.947063+00:00"
"mavericks_clippers_2024-11-19","Mavericks","Clippers","NBA","2023-2024","2024-11-19",,132,108,"H",,,,,,,,,,,,,,,,,,,,,2.012,2.017,,"historical_generation","2026-03-18T21:37:35.947063+00:00","2026-03-18T21:37:35.947063+00:00"
"thunder_mavericks_2024-11-21","Thunder","Mavericks","NBA","2023-2024","2024-11-21",,111,122,"A",,,,,,,,,,,,,,,,,,,,,1.907,1.918,,"historical_generation","2026-03-18T21:37:35.947063+00:00","2026-03-18T21:37:35.947063+00:00"
"pelicans_clippers_2024-11-23","Pelicans","Clippers","NBA","2023-2024","2024-11-23",,129,99,"H",,,,,,,,,,,,,,,,,,,,,1.911,2.118,,"historical_generation","2026-03-18T21:37:35.947063+00:00","2026-03-18T21:37:35.947063+00:00"
"heat_trailblazers_2024-11-26","Heat","Trail Blazers","NBA","2023-2024","2024-11-26",,117,129,"A",,,,,,,,,,,,,,,,,,,,,1.959,1.884,,"historical_generation","2026-03-18T21:37:35.947063+00:00","2026-03-18T21:37:35.947063+00:00"
"pistons_pacers_2024-11-29","Pistons","Pacers","NBA","2023-2024","2024-11-29",,113,110,"H",,,,,,,,,,,,,,,,,,,,,2.135,1.883,,"historical_generation","2026-03-18T21:37:35.947063+00:00","2026-03-18T21:37:35.947063+00:00"
"raptors_kings_2024-12-01","Raptors","Kings","NBA","2023-2024","2024-12-01",,120,111,"H",,,,,,,,,,,,,,,,,,,,,1.872,1.993,,"historical_generation","2026-03-18T21:37:35.947063+00:00","2026-03-18T21:37:35.947063+00:00"
"trailblazers_heat_2024-12-02","Trail Blazers","Heat","NBA","2023-2024","2024-12-02",,110,101,"H",,,,,,,,,,,,,,,,,,,,,1.964,2.098,,"historical_generation","2026-03-18T21:37:35.947063+00:00","2026-03-18T21:37:35.947063+00:00"
"trailblazers_wizards_2024-12-05","Trail Blazers","Wizards","NBA","2023-2024","2024-12-05",,106,127,"A",,,,,,,,,,,,,,,,,,,,,1.913,1.955,,"historical_generation","2026-03-18T21:37:35.947063+00:00","2026-03-18T21:37:35.947063+00:00"
"lakers_clippers_2024-12-07","Lakers","Clippers","NBA","2023-2024","2024-12-07",,120,100,"H",,,,,,,,,,,,,,,,,,,,,2.067,1.934,,"historical_generation","2026-03-18T21:37:35.947063+00:00","2026-03-18T21:37:35.947063+00:00"
"pistons_pacers_2024-12-09","Pistons","Pacers","NBA","2023-2024","2024-12-09",,131,132,"A",,,,,,,,,,,,,,,,,,,,,1.987,1.929,,"historical_generation","2026-03-18T21:37:35.947063+00:00","2026-03-18T21:37:35.947063+00:00"
"hornets_knicks_2024-12-10","Hornets","Knicks","NBA","2023-2024","2024-12-10",,127,116,"H",,,,,,,,,,,,,,,,,,,,,2.045,2.04,,"historical_generation","2026-03-18T21:37:35.947063+00:00","2026-03-18T21:37:35.947063+00:00"
"hornets_lakers_2024-12-11","Hornets","Lakers","NBA","2023-2024","2024-12-11",,100,133,"A",,,,,,,,,,,,,,,,,,,,,1.87,1.956,,"historical_generation","2026-03-18T21:37:35.947063+00:00","2026-03-18T21:37:35.947063+00:00"
"76ers_timberwolves_2024-12-12","76ers","Timberwolves","NBA","2023-2024","2024-12-12",,126,110,"H",,,,,,,,,,,,,,,,,,,,,1.882,2.122,,"historical_generation","2026-03-18T21:37:35.947063+00:00","2026-03-18T21:37:35.947063+00:00"
"cavaliers_spurs_2024-12-14","Cavaliers","Spurs","NBA","2023-2024","2024-12-14",,123,117,"H",,,,,,,,,,,,,,,,,,,,,2.018,2.067,,"historical_generation","2026-03-18T21:37:35.947063+00:00","2026-03-18T21:37:35.947063+00:00"
"nets_timberwolves_2024-12-15","Nets","Timberwolves","NBA","2023-2024","2024-12-15",,133,96,"H",,,,,,,,,,,,,,,,,,,,,1.997,2.067,,"historical_generation","2026-03-18T21:37:35.947063+00:00","2026-03-18T21:37:35.947063+00:00"
"heat_nuggets_2024-12-18","Heat","Nuggets","NBA","2023-2024","2024-12-18",,109,99,"H",,,,,,,,,,,,,,,,,,,,,1.877,2.084,,"historical_generation","2026-03-18T21:37:35.947063+00:00","2026-03-18T21:37:35.947063+00:00"
"grizzlies_bucks_2024-12-21","Grizzlies","Bucks","NBA","2023-2024","2024-12-21",,127,98,"H",,,,,,,,,,,,,,,,,,,,,1.929,1.91,,"historical_generation","2026-03-18T21:37:35.947063+00:00","2026-03-18T21:37:35.947063+00:00"
"warriors_magic_2024-12-22","Warriors","Magic","NBA","2023-2024","2024-12-22",,105,100,"H",,,,,,,,,,,,,,,,,,,,,2.081,2.019,,"historical_generation","2026-03-18T21:37:35.947063+00:00","2026-03-18T21:37:35.947063+00:00"
"cavaliers_trailblazers_2024-12-23","Cavaliers","Trail Blazers","NBA","2023-2024","2024-12-23",,121,118,"H",,,,,,,,,,,,,,,,,,,,,1.875,2.134,,"historical_generation","2026-03-18T21:37:35.947063+00:00","2026-03-18T21:37:35.947063+00:00"
"grizzlies_hawks_2024-12-24","Grizzlies","Hawks","NBA","2023-2024","2024-12-24",,96,120,"A",,,,,,,,,,,,,,,,,,,,,1.95,2.095,,"historical_generation","2026-03-18T21:37:35.947063+00:00","2026-03-18T21:37:35.947063+00:00"
"76ers_wizards_2024-12-26","76ers","Wizards","NBA","2023-2024","2024-12-26",,129,134,"A",,,,,,,,,,,,,,,,,,,,,2.094,1.917,,"historical_generation","2026-03-18T21:37:35.947063+00:00","2026-03-18T21:37:35.947063+00:00"
"bulls_kings_2024-12-28","Bulls","Kings","NBA","2023-2024","2024-12-28",,107,134,"A",,,,,,,,,,,,,,,,,,,,,1.978,2.099,,"historical_generation","2026-03-18T21:37:35.947063+00:00","2026-03-18T21:37:35.947063+00:00"
"hawks_knicks_2024-12-29","Hawks","Knicks","NBA","2023-2024","2024-12-29",,115,108,"H",,,,,,,,,,,,,,,,,,,,,1.851,2.084,,"historical_generation","2026-03-18T21:37:35.947063+00:00","2026-03-18T21:37:35.947063+00:00"
"grizzlies_warriors_2024-12-31","Grizzlies","Warriors","NBA","2023-2024","2024-12-31",,120,114,"H",,,,,,,,,,,,,,,,,,,,,2.057,2.068,,"historical_generation","2026-03-18T21:37:35.947063+00:00","2026-03-18T21:37:35.947063+00:00"
"76ers_trailblazers_2025-01-02","76ers","Trail Blazers","NBA","2023-2024","2025-01-02",,118,112,"H",,,,,,,,,,,,,,,,,,,,,1.894,2.089,,"historical_generation","2026-03-18T21:37:35.947063+00:00","2026-03-18T21:37:35.947063+00:00"
"knicks_thunder_2025-01-04","Knicks","Thunder","NBA","2023-2024","2025-01-04",,96,101,"A",,,,,,,,,,,,,,,,,,,,,2.122,1.975,,"historical_generation","2026-03-18T21:37:35.947063+00:00","2026-03-18T21:37:35.947063+00:00"
"hornets_grizzlies_2025-01-06","Hornets","Grizzlies","NBA","2023-2024","2025-01-06",,134,95,"H",,,,,,,,,,,,,,,,,,,,,2.046,2.087,,"historical_generation","2026-03-18T21:37:35.947063+00:00","2026-03-18T21:37:35.947063+00:00"
"lakers_76ers_2025-01-07","Lakers","76ers","NBA","2023-2024","2025-01-07",,120,125,"A",,,,,,,,,,,,,,,,,,,,,2.105,2.132,,"historical_generation","2026-03-18T21:37:35.947063+00:00","2026-03-18T21:37:35.947063+00:00"
"clippers_pistons_2025-01-08","Clippers","Pistons","NBA","2023-2024","2025-01-08",,115,118,"A",,,,,,,,,,,,,,,,,,,,,2.043,2.113,,"historical_generation","2026-03-18T21:37:35.947063+00:00","2026-03-18T21:37:35.947063+00:00"
"magic_lakers_2025-01-10","Magic","Lakers","NBA","2023-2024","2025-01-10",,119,122,"A",,,,,,,,,,,,,,,,,,,,,1.989,2.09,,"historical_generation","2026-03-18T21:37:35.947063+00:00","2026-03-18T21:37:35.947063+00:00"
"warriors_celtics_2025-01-12","Warriors","Celtics","NBA","2023-2024","2025-01-12",,115,128,"A",,,,,,,,,,,,,,,,,,,,,1.897,2.09,,"historical_generation","2026-03-18T21:37:35.947063+00:00","2026-03-18T21:37:35.947063+00:00"
"hornets_cavaliers_2025-01-13","Hornets","Cavaliers","NBA","2023-2024","2025-01-13",,127,131,"A",,,,,,,,,,,,,,,,,,,,,2.092,1.898,,"historical_generation","2026-03-18T21:37:35.947063+00:00","2026-03-18T21:37:35.947063+00:00"
"grizzlies_suns_2025-01-16","Grizzlies","Suns","NBA","2023-2024","2025-01-16",,112,99,"H",,,,,,,,,,,,,,,,,,,,,2.005,1.865,,"historical_generation","2026-03-18T21:37:35.947063+00:00","2026-03-18T21:37:35.947063+00:00"
"timberwolves_76ers_2025-01-18","Timberwolves","76ers","NBA","2023-2024","2025-01-18",,106,127,"A",,,,,,,,,,,,,,,,,,,,,1.953,2.015,,"historical_generation","2026-03-18T21:37:35.947063+00:00","2026-03-18T21:37:35.947063+00:00"
"thunder_nuggets_2025-01-20","Thunder","Nuggets","NBA","2023-2024","2025-01-20",,116,129,"A",,,,,,,,,,,,,,,,,,,,,2.04,2.003,,"historical_generation","2026-03-18T21:37:35.947063+00:00","2026-03-18T21:37:35.947063+00:00"
"pacers_timberwolves_2025-01-22","Pacers","Timberwolves","NBA","2023-2024","2025-01-22",,101,102,"A",,,,,,,,,,,,,,,,,,,,,1.935,1.904,,"historical_generation","2026-03-18T21:37:35.947063+00:00","2026-03-18T21:37:35.947063+00:00"
"mavericks_pistons_2025-01-23","Mavericks","Pistons","NBA","2023-2024","2025-01-23",,111,125,"A",,,,,,,,,,,,,,,,,,,,,2.067,1.913,,"historical_generation","2026-03-18T21:37:35.947063+00:00","2026-03-18T21:37:35.947063+00:00"
"heat_mavericks_2025-01-26","Heat","Mavericks","NBA","2023-2024","2025-01-26",,116,108,"H",,,,,,,,,,,,,,,,,,,,,2.13,1.866,,"historical_generation","2026-03-18T21:37:35.947063+00:00","2026-03-18T21:37:35.947063+00:00"
"cavaliers_raptors_2025-01-29","Cavaliers","Raptors","NBA","2023-2024","2025-01-29",,105,96,"H",,,,,,,,,,,,,,,,,,,,,1.905,1.945,,"historical_generation","2026-03-18T21:37:35.947063+00:00","2026-03-18T21:37:35.947063+00:00"
"pistons_jazz_2025-01-30","Pistons","Jazz","NBA","2023-2024","2025-01-30",,107,116,"A",,,,,,,,,,,,,,,,,,,,,2.001,1.923,,"historical_generation","2026-03-18T21:37:35.947063+00:00","2026-03-18T21:37:35.947063+00:00"
"clippers_hornets_2025-02-02","Clippers","Hornets","NBA","2023-2024","2025-02-02",,106,111,"A",,,,,,,,,,,,,,,,,,,,,1.976,1.985,,"historical_generation","2026-03-18T21:37:35.947063+00:00","2026-03-18T21:37:35.947063+00:00"
"grizzlies_suns_2025-02-03","Grizzlies","Suns","NBA","2023-2024","2025-02-03",,105,129,"A",,,,,,,,,,,,,,,,,,,,,1.857,2.127,,"historical_generation","2026-03-18T21:37:35.947063+00:00","2026-03-18T21:37:35.947063+00:00"
"raptors_clippers_2025-02-05","Raptors","Clippers","NBA","2023-2024","2025-02-05",,95,118,"A",,,,,,,,,,,,,,,,,,,,,1.952,1.979,,"historical_generation","2026-03-18T21:37:35.947063+00:00","2026-03-18T21:37:35.947063+00:00"
"bulls_kings_2025-02-07","Bulls","Kings","NBA","2023-2024","2025-02-07",,122,105,"H",,,,,,,,,,,,,,,,,,,,,2.115,1.975,,"historical_generation","2026-03-18T21:37:35.947063+00:00","2026-03-18T21:37:35.947063+00:00"
"magic_raptors_2025-02-10","Magic","Raptors","NBA","2023-2024","2025-02-10",,127,122,"H",,,,,,,,,,,,,,,,,,,,,1.902,1.96,,"historical_generation","2026-03-18T21:37:35.947063+00:00","2026-03-18T21:37:35.947063+00:00"
"cavaliers_magic_2025-02-12","Cavaliers","Magic","NBA","2023-2024","2025-02-12",,127,96,"H",,,,,,,,,,,,,,,,,,,,,2.147,1.976,,"historical_generation","2026-03-18T21:37:35.947063+00:00","2026-03-18T21:37:35.947063+00:00"
"heat_wizards_2025-02-15","Heat","Wizards","NBA","2023-2024","2025-02-15",,124,104,"H",,,,,,,,,,,,,,,,,,,,,1.958,1.895,,"historical_generation","2026-03-18T21:37:35.947063+00:00","2026-03-18T21:37:35.947063+00:00"
"timberwolves_heat_2025-02-17","Timberwolves","Heat","NBA","2023-2024","2025-02-17",,95,110,"A",,,,,,,,,,,,,,,,,,,,,2.089,1.907,,"historical_generation","2026-03-18T21:37:35.947063+00:00","2026-03-18T21:37:35.947063+00:00"
"suns_bucks_2025-02-19","Suns","Bucks","NBA","2023-2024","2025-02-19",,102,129,"A",,,,,,,,,,,,,,,,,,,,,1.952,2.065,,"historical_generation","2026-03-18T21:37:35.947063+00:00","2026-03-18T21:37:35.947063+00:00"
"mavericks_lakers_2025-02-22","Mavericks","Lakers","NBA","2023-2024","2025-02-22",,117,128,"A",,,,,,,,,,,,,,,,,,,,,1.871,2.085,,"historical_generation","2026-03-18T21:37:35.947063+00:00","2026-03-18T21:37:35.947063+00:00"
"heat_magic_2025-02-25","Heat","Magic","NBA","2023-2024","2025-02-25",,122,130,"A",,,,,,,,,,,,,,,,,,,,,2.078,1.92,,"historical_generation","2026-03-18T21:37:35.947063+00:00","2026-03-18T21:37:35.947063+00:00"
"lakers_wizards_2025-02-27","Lakers","Wizards","NBA","2023-2024","2025-02-27",,129,132,"A",,,,,,,,,,,,,,,,,,,,,1.929,1.89,,"historical_generation","2026-03-18T21:37:35.947063+00:00","2026-03-18T21:37:35.947063+00:00"
"clippers_jazz_2025-03-01","Clippers","Jazz","NBA","2023-2024","2025-03-01",,117,105,"H",,,,,,,,,,,,,,,,,,,,,2.016,1.869,,"historical_generation","2026-03-18T21:37:35.947063+00:00","2026-03-18T21:37:35.947063+00:00"
"nets_celtics_2025-03-04","Nets","Celtics","NBA","2023-2024","2025-03-04",,119,114,"H",,,,,,,,,,,,,,,,,,,,,2.127,1.976,,"historical_generation","2026-03-18T21:37:35.947063+00:00","2026-03-18T21:37:35.947063+00:00"
"trailblazers_lakers_2025-03-05","Trail Blazers","Lakers","NBA","2023-2024","2025-03-05",,121,115,"H",,,,,,,,,,,,,,,,,,,,,2.147,2.087,,"historical_generation","2026-03-18T21:37:35.947063+00:00","2026-03-18T21:37:35.947063+00:00"
"magic_hornets_2025-03-06","Magic","Hornets","NBA","2023-2024","2025-03-06",,104,106,"A",,,,,,,,,,,,,,,,,,,,,2.039,1.901,,"historical_generation","2026-03-18T21:37:35.947063+00:00","2026-03-18T21:37:35.947063+00:00"
"76ers_pacers_2025-03-08","76ers","Pacers","NBA","2023-2024","2025-03-08",,134,100,"H",,,,,,,,,,,,,,,,,,,,,2.015,2.073,,"historical_generation","2026-03-18T21:37:35.947063+00:00","2026-03-18T21:37:35.947063+00:00"
"timberwolves_nets_2025-03-10","Timberwolves","Nets","NBA","2023-2024","2025-03-10",,106,109,"A",,,,,,,,,,,,,,,,,,,,,1.895,2.078,,"historical_generation","2026-03-18T21:37:35.947063+00:00","2026-03-18T21:37:35.947063+00:00"
"suns_trailblazers_2025-03-11","Suns","Trail Blazers","NBA","2023-2024","2025-03-11",,133,115,"H",,,,,,,,,,,,,,,,,,,,,2.005,2.031,,"historical_generation","2026-03-18T21:37:35.947063+00:00","2026-03-18T21:37:35.947063+00:00"
"timberwolves_clippers_2025-03-14","Timberwolves","Clippers","NBA","2023-2024","2025-03-14",,104,102,"H",,,,,,,,,,,,,,,,,,,,,2.049,1.985,,"historical_generation","2026-03-18T21:37:35.947063+00:00","2026-03-18T21:37:35.947063+00:00"
"heat_bulls_2025-03-17","Heat","Bulls","NBA","2023-2024","2025-03-17",,107,119,"A",,,,,,,,,,,,,,,,,,,,,2.089,1.971,,"historical_generation","2026-03-18T21:37:35.947063+00:00","2026-03-18T21:37:35.947063+00:00"
"raptors_spurs_2025-03-19","Raptors","Spurs","NBA","2023-2024","2025-03-19",,99,118,"A",,,,,,,,,,,,,,,,,,,,,1.949,1.931,,"historical_generation","2026-03-18T21:37:35.947063+00:00","2026-03-18T21:37:35.947063+00:00"
"bucks_rockets_2025-03-21","Bucks","Rockets","NBA","2023-2024","2025-03-21",,131,101,"H",,,,,,,,,,,,,,,,,,,,,1.879,1.959,,"historical_generation","2026-03-18T21:37:35.947063+00:00","2026-03-18T21:37:35.947063+00:00"
"kings_nets_2025-03-23","Kings","Nets","NBA","2023-2024","2025-03-23",,111,97,"H",,,,,,,,,,,,,,,,,,,,,1.887,2.071,,"historical_generation","2026-03-18T21:37:35.947063+00:00","2026-03-18T21:37:35.947063+00:00"
"hornets_bucks_2025-03-25","Hornets","Bucks","NBA","2023-2024","2025-03-25",,111,98,"H",,,,,,,,,,,,,,,,,,,,,1.894,2.116,,"historical_generation","2026-03-18T21:37:35.947063+00:00","2026-03-18T21:37:35.947063+00:00"
"bucks_heat_2025-03-26","Bucks","Heat","NBA","2023-2024","2025-03-26",,132,130,"H",,,,,,,,,,,,,,,,,,,,,2.124,2.019,,"historical_generation","2026-03-18T21:37:35.947063+00:00","2026-03-18T21:37:35.947063+00:00"
"hornets_magic_2025-03-29","Hornets","Magic","NBA","2023-2024","2025-03-29",,115,123,"A",,,,,,,,,,,,,,,,,,,,,1.888,2.037,,"historical_generation","2026-03-18T21:37:35.947063+00:00","2026-03-18T21:37:35.947063+00:00"
"lakers_pistons_2025-04-01","Lakers","Pistons","NBA","2023-2024","2025-04-01",,120,132,"A",,,,,,,,,,,,,,,,,,,,,2.144,2.01,,"historical_generation","2026-03-18T21:37:35.947063+00:00","2026-03-18T21:37:35.947063+00:00"
"cavaliers_heat_2025-04-02","Cavaliers","Heat","NBA","2023-2024","2025-04-02",,128,120,"H",,,,,,,,,,,,,,,,,,,,,2.014,1.851,,"historical_generation","2026-03-18T21:37:35.947063+00:00","2026-03-18T21:37:35.947063+00:00"
"magic_lakers_2025-04-04","Magic","Lakers","NBA","2023-2024","2025-04-04",,116,121,"A",,,,,,,,,,,,,,,,,,,,,2.099,1.947,,"historical_generation","2026-03-18T21:37:35.947063+00:00","2026-03-18T21:37:35.947063+00:00"
"grizzlies_pacers_2025-04-07","Grizzlies","Pacers","NBA","2023-2024","2025-04-07",,121,112,"H",,,,,,,,,,,,,,,,,,,,,2.026,1.975,,"historical_generation","2026-03-18T21:37:35.947063+00:00","2026-03-18T21:37:35.947063+00:00"
"grizzlies_heat_2025-04-09","Grizzlies","Heat","NBA","2023-2024","2025-04-09",,106,125,"A",,,,,,,,,,,,,,,,,,,,,2.054,1.928,,"historical_generation","2026-03-18T21:37:35.947063+00:00","2026-03-18T21:37:35.947063+00:00"
"76ers_grizzlies_2025-04-11","76ers","Grizzlies","NBA","2023-2024","2025-04-11",,99,108,"A",,,,,,,,,,,,,,,,,,,,,1.925,2.047,,"historical_generation","2026-03-18T21:37:35.947063+00:00","2026-03-18T21:37:35.947063+00:00"
"warriors_suns_2025-04-13","Warriors","Suns","NBA","2023-2024","2025-04-13",,132,109,"H",,,,,,,,,,,,,,,,,,,,,1.957,2.008,,"historical_generation","2026-03-18T21:37:36.247926+00:00","2026-03-18T21:37:36.247926+00:00"
"bucks_nets_2024-10-01","Bucks","Nets","NBA","2024-2025","2024-10-01",,109,127,"A",,,,,,,,,,,,,,,,,,,,,2.149,1.852,,"historical_generation","2026-03-18T21:37:36.247926+00:00","2026-03-18T21:37:36.247926+00:00"
"clippers_pistons_2024-10-03","Clippers","Pistons","NBA","2024-2025","2024-10-03",,116,126,"A",,,,,,,,,,,,,,,,,,,,,2.105,1.898,,"historical_generation","2026-03-18T21:37:36.247926+00:00","2026-03-18T21:37:36.247926+00:00"
"kings_trailblazers_2024-10-05","Kings","Trail Blazers","NBA","2024-2025","2024-10-05",,98,101,"A",,,,,,,,,,,,,,,,,,,,,1.99,1.854,,"historical_generation","2026-03-18T21:37:36.247926+00:00","2026-03-18T21:37:36.247926+00:00"
"mavericks_hawks_2024-10-07","Mavericks","Hawks","NBA","2024-2025","2024-10-07",,98,124,"A",,,,,,,,,,,,,,,,,,,,,1.919,1.889,,"historical_generation","2026-03-18T21:37:36.247926+00:00","2026-03-18T21:37:36.247926+00:00"
"bulls_cavaliers_2024-10-09","Bulls","Cavaliers","NBA","2024-2025","2024-10-09",,118,108,"H",,,,,,,,,,,,,,,,,,,,,1.899,1.952,,"historical_generation","2026-03-18T21:37:36.247926+00:00","2026-03-18T21:37:36.247926+00:00"
"hornets_clippers_2024-10-10","Hornets","Clippers","NBA","2024-2025","2024-10-10",,101,101,"A",,,,,,,,,,,,,,,,,,,,,1.875,2.144,,"historical_generation","2026-03-18T21:37:36.247926+00:00","2026-03-18T21:37:36.247926+00:00"
"pistons_clippers_2024-10-12","Pistons","Clippers","NBA","2024-2025","2024-10-12",,106,126,"A",,,,,,,,,,,,,,,,,,,,,2.11,1.966,,"historical_generation","2026-03-18T21:37:36.247926+00:00","2026-03-18T21:37:36.247926+00:00"
"heat_rockets_2024-10-13","Heat","Rockets","NBA","2024-2025","2024-10-13",,97,108,"A",,,,,,,,,,,,,,,,,,,,,1.92,1.865,,"historical_generation","2026-03-18T21:37:36.247926+00:00","2026-03-18T21:37:36.247926+00:00"
"kings_hawks_2024-10-16","Kings","Hawks","NBA","2024-2025","2024-10-16",,128,134,"A",,,,,,,,,,,,,,,,,,,,,1.908,2.071,,"historical_generation","2026-03-18T21:37:36.247926+00:00","2026-03-18T21:37:36.247926+00:00"
"pistons_pelicans_2024-10-18","Pistons","Pelicans","NBA","2024-2025","2024-10-18",,102,99,"H",,,,,,,,,,,,,,,,,,,,,2.056,1.907,,"historical_generation","2026-03-18T21:37:36.247926+00:00","2026-03-18T21:37:36.247926+00:00"
"hornets_rockets_2024-10-20","Hornets","Rockets","NBA","2024-2025","2024-10-20",,106,127,"A",,,,,,,,,,,,,,,,,,,,,1.908,2.099,,"historical_generation","2026-03-18T21:37:36.247926+00:00","2026-03-18T21:37:36.247926+00:00"
"hornets_wizards_2024-10-22","Hornets","Wizards","NBA","2024-2025","2024-10-22",,112,122,"A",,,,,,,,,,,,,,,,,,,,,2.084,2.069,,"historical_generation","2026-03-18T21:37:36.247926+00:00","2026-03-18T21:37:36.247926+00:00"
"trailblazers_lakers_2024-10-24","Trail Blazers","Lakers","NBA","2024-2025","2024-10-24",,127,98,"H",,,,,,,,,,,,,,,,,,,,,2.075,1.98,,"historical_generation","2026-03-18T21:37:36.247926+00:00","2026-03-18T21:37:36.247926+00:00"
"76ers_raptors_2024-10-26","76ers","Raptors","NBA","2024-2025","2024-10-26",,117,98,"H",,,,,,,,,,,,,,,,,,,,,1.922,2.028,,"historical_generation","2026-03-18T21:37:36.247926+00:00","2026-03-18T21:37:36.247926+00:00"
"wizards_76ers_2024-10-27","Wizards","76ers","NBA","2024-2025","2024-10-27",,103,124,"A",,,,,,,,,,,,,,,,,,,,,1.89,2,,"historical_generation","2026-03-18T21:37:36.247926+00:00","2026-03-18T21:37:36.247926+00:00"
"nuggets_grizzlies_2024-10-28","Nuggets","Grizzlies","NBA","2024-2025","2024-10-28",,106,109,"A",,,,,,,,,,,,,,,,,,,,,2.07,1.964,,"historical_generation","2026-03-18T21:37:36.247926+00:00","2026-03-18T21:37:36.247926+00:00"
"bucks_hornets_2024-10-29","Bucks","Hornets","NBA","2024-2025","2024-10-29",,131,112,"H",,,,,,,,,,,,,,,,,,,,,2.024,2.105,,"historical_generation","2026-03-18T21:37:36.247926+00:00","2026-03-18T21:37:36.247926+00:00"
"raptors_cavaliers_2024-10-31","Raptors","Cavaliers","NBA","2024-2025","2024-10-31",,106,129,"A",,,,,,,,,,,,,,,,,,,,,1.961,2.022,,"historical_generation","2026-03-18T21:37:36.247926+00:00","2026-03-18T21:37:36.247926+00:00"
"pacers_76ers_2024-11-01","Pacers","76ers","NBA","2024-2025","2024-11-01",,125,109,"H",,,,,,,,,,,,,,,,,,,,,2.012,2.145,,"historical_generation","2026-03-18T21:37:36.247926+00:00","2026-03-18T21:37:36.247926+00:00"
"pacers_grizzlies_2024-11-03","Pacers","Grizzlies","NBA","2024-2025","2024-11-03",,133,114,"H",,,,,,,,,,,,,,,,,,,,,2.052,1.878,,"historical_generation","2026-03-18T21:37:36.247926+00:00","2026-03-18T21:37:36.247926+00:00"
"spurs_wizards_2024-11-05","Spurs","Wizards","NBA","2024-2025","2024-11-05",,109,128,"A",,,,,,,,,,,,,,,,,,,,,1.866,1.951,,"historical_generation","2026-03-18T21:37:36.247926+00:00","2026-03-18T21:37:36.247926+00:00"
"bulls_spurs_2024-11-08","Bulls","Spurs","NBA","2024-2025","2024-11-08",,125,131,"A",,,,,,,,,,,,,,,,,,,,,1.888,1.889,,"historical_generation","2026-03-18T21:37:36.247926+00:00","2026-03-18T21:37:36.247926+00:00"
"warriors_clippers_2024-11-11","Warriors","Clippers","NBA","2024-2025","2024-11-11",,98,99,"A",,,,,,,,,,,,,,,,,,,,,1.989,2.033,,"historical_generation","2026-03-18T21:37:36.247926+00:00","2026-03-18T21:37:36.247926+00:00"
"pistons_pacers_2024-11-14","Pistons","Pacers","NBA","2024-2025","2024-11-14",,125,130,"A",,,,,,,,,,,,,,,,,,,,,2.052,1.913,,"historical_generation","2026-03-18T21:37:36.247926+00:00","2026-03-18T21:37:36.247926+00:00"
"thunder_kings_2024-11-16","Thunder","Kings","NBA","2024-2025","2024-11-16",,134,104,"H",,,,,,,,,,,,,,,,,,,,,2.069,1.933,,"historical_generation","2026-03-18T21:37:36.247926+00:00","2026-03-18T21:37:36.247926+00:00"
"heat_jazz_2024-11-19","Heat","Jazz","NBA","2024-2025","2024-11-19",,122,102,"H",,,,,,,,,,,,,,,,,,,,,2.089,2.093,,"historical_generation","2026-03-18T21:37:36.247926+00:00","2026-03-18T21:37:36.247926+00:00"
"hornets_magic_2024-11-20","Hornets","Magic","NBA","2024-2025","2024-11-20",,126,124,"H",,,,,,,,,,,,,,,,,,,,,1.964,2.054,,"historical_generation","2026-03-18T21:37:36.247926+00:00","2026-03-18T21:37:36.247926+00:00"
"wizards_pistons_2024-11-22","Wizards","Pistons","NBA","2024-2025","2024-11-22",,110,123,"A",,,,,,,,,,,,,,,,,,,,,1.928,2.017,,"historical_generation","2026-03-18T21:37:36.247926+00:00","2026-03-18T21:37:36.247926+00:00"
"knicks_grizzlies_2024-11-23","Knicks","Grizzlies","NBA","2024-2025","2024-11-23",,132,124,"H",,,,,,,,,,,,,,,,,,,,,1.912,2.147,,"historical_generation","2026-03-18T21:37:36.247926+00:00","2026-03-18T21:37:36.247926+00:00"
"knicks_clippers_2024-11-24","Knicks","Clippers","NBA","2024-2025","2024-11-24",,102,131,"A",,,,,,,,,,,,,,,,,,,,,2.077,1.995,,"historical_generation","2026-03-18T21:37:36.247926+00:00","2026-03-18T21:37:36.247926+00:00"
"timberwolves_trailblazers_2024-11-27","Timberwolves","Trail Blazers","NBA","2024-2025","2024-11-27",,119,125,"A",,,,,,,,,,,,,,,,,,,,,2.087,1.897,,"historical_generation","2026-03-18T21:37:36.247926+00:00","2026-03-18T21:37:36.247926+00:00"
"nuggets_celtics_2024-11-29","Nuggets","Celtics","NBA","2024-2025","2024-11-29",,122,107,"H",,,,,,,,,,,,,,,,,,,,,1.979,1.964,,"historical_generation","2026-03-18T21:37:36.247926+00:00","2026-03-18T21:37:36.247926+00:00"
"knicks_pacers_2024-11-30","Knicks","Pacers","NBA","2024-2025","2024-11-30",,131,125,"H",,,,,,,,,,,,,,,,,,,,,2.014,1.984,,"historical_generation","2026-03-18T21:37:36.247926+00:00","2026-03-18T21:37:36.247926+00:00"
"76ers_hornets_2024-12-03","76ers","Hornets","NBA","2024-2025","2024-12-03",,115,134,"A",,,,,,,,,,,,,,,,,,,,,1.991,1.86,,"historical_generation","2026-03-18T21:37:36.247926+00:00","2026-03-18T21:37:36.247926+00:00"
"thunder_grizzlies_2024-12-06","Thunder","Grizzlies","NBA","2024-2025","2024-12-06",,115,132,"A",,,,,,,,,,,,,,,,,,,,,1.904,2.114,,"historical_generation","2026-03-18T21:37:36.247926+00:00","2026-03-18T21:37:36.247926+00:00"
"pistons_raptors_2024-12-07","Pistons","Raptors","NBA","2024-2025","2024-12-07",,123,110,"H",,,,,,,,,,,,,,,,,,,,,2.14,1.916,,"historical_generation","2026-03-18T21:37:36.247926+00:00","2026-03-18T21:37:36.247926+00:00"
"clippers_mavericks_2024-12-10","Clippers","Mavericks","NBA","2024-2025","2024-12-10",,103,114,"A",,,,,,,,,,,,,,,,,,,,,1.934,1.869,,"historical_generation","2026-03-18T21:37:36.247926+00:00","2026-03-18T21:37:36.247926+00:00"
"pistons_jazz_2024-12-11","Pistons","Jazz","NBA","2024-2025","2024-12-11",,119,95,"H",,,,,,,,,,,,,,,,,,,,,2.003,2.003,,"historical_generation","2026-03-18T21:37:36.247926+00:00","2026-03-18T21:37:36.247926+00:00"
"bucks_timberwolves_2024-12-14","Bucks","Timberwolves","NBA","2024-2025","2024-12-14",,98,134,"A",,,,,,,,,,,,,,,,,,,,,1.952,2,,"historical_generation","2026-03-18T21:37:36.247926+00:00","2026-03-18T21:37:36.247926+00:00"
"grizzlies_lakers_2024-12-15","Grizzlies","Lakers","NBA","2024-2025","2024-12-15",,127,100,"H",,,,,,,,,,,,,,,,,,,,,1.95,1.965,,"historical_generation","2026-03-18T21:37:36.247926+00:00","2026-03-18T21:37:36.247926+00:00"
"thunder_raptors_2024-12-18","Thunder","Raptors","NBA","2024-2025","2024-12-18",,117,101,"H",,,,,,,,,,,,,,,,,,,,,2.076,2.15,,"historical_generation","2026-03-18T21:37:36.247926+00:00","2026-03-18T21:37:36.247926+00:00"
"nets_rockets_2024-12-19","Nets","Rockets","NBA","2024-2025","2024-12-19",,132,102,"H",,,,,,,,,,,,,,,,,,,,,2.084,1.87,,"historical_generation","2026-03-18T21:37:36.247926+00:00","2026-03-18T21:37:36.247926+00:00"
"jazz_nuggets_2024-12-22","Jazz","Nuggets","NBA","2024-2025","2024-12-22",,107,116,"A",,,,,,,,,,,,,,,,,,,,,1.963,1.924,,"historical_generation","2026-03-18T21:37:36.247926+00:00","2026-03-18T21:37:36.247926+00:00"
"pacers_bulls_2024-12-23","Pacers","Bulls","NBA","2024-2025","2024-12-23",,118,100,"H",,,,,,,,,,,,,,,,,,,,,2.073,1.918,,"historical_generation","2026-03-18T21:37:36.247926+00:00","2026-03-18T21:37:36.247926+00:00"
"76ers_hawks_2024-12-25","76ers","Hawks","NBA","2024-2025","2024-12-25",,122,129,"A",,,,,,,,,,,,,,,,,,,,,2.147,1.918,,"historical_generation","2026-03-18T21:37:36.247926+00:00","2026-03-18T21:37:36.247926+00:00"
"warriors_trailblazers_2024-12-27","Warriors","Trail Blazers","NBA","2024-2025","2024-12-27",,126,128,"A",,,,,,,,,,,,,,,,,,,,,1.879,2.096,,"historical_generation","2026-03-18T21:37:36.247926+00:00","2026-03-18T21:37:36.247926+00:00"
"clippers_magic_2024-12-28","Clippers","Magic","NBA","2024-2025","2024-12-28",,95,129,"A",,,,,,,,,,,,,,,,,,,,,1.937,2.082,,"historical_generation","2026-03-18T21:37:36.247926+00:00","2026-03-18T21:37:36.247926+00:00"
"suns_celtics_2024-12-30","Suns","Celtics","NBA","2024-2025","2024-12-30",,97,116,"A",,,,,,,,,,,,,,,,,,,,,2.117,1.883,,"historical_generation","2026-03-18T21:37:36.247926+00:00","2026-03-18T21:37:36.247926+00:00"
"spurs_pelicans_2025-01-01","Spurs","Pelicans","NBA","2024-2025","2025-01-01",,108,131,"A",,,,,,,,,,,,,,,,,,,,,2.148,1.959,,"historical_generation","2026-03-18T21:37:36.247926+00:00","2026-03-18T21:37:36.247926+00:00"
"pelicans_rockets_2025-01-03","Pelicans","Rockets","NBA","2024-2025","2025-01-03",,109,106,"H",,,,,,,,,,,,,,,,,,,,,2.061,2.005,,"historical_generation","2026-03-18T21:37:36.247926+00:00","2026-03-18T21:37:36.247926+00:00"
"knicks_pistons_2025-01-06","Knicks","Pistons","NBA","2024-2025","2025-01-06",,103,95,"H",,,,,,,,,,,,,,,,,,,,,1.851,1.997,,"historical_generation","2026-03-18T21:37:36.247926+00:00","2026-03-18T21:37:36.247926+00:00"
"kings_76ers_2025-01-09","Kings","76ers","NBA","2024-2025","2025-01-09",,133,119,"H",,,,,,,,,,,,,,,,,,,,,2.088,1.953,,"historical_generation","2026-03-18T21:37:36.247926+00:00","2026-03-18T21:37:36.247926+00:00"
"rockets_nets_2025-01-10","Rockets","Nets","NBA","2024-2025","2025-01-10",,114,128,"A",,,,,,,,,,,,,,,,,,,,,1.972,2.101,,"historical_generation","2026-03-18T21:37:36.247926+00:00","2026-03-18T21:37:36.247926+00:00"
"clippers_spurs_2025-01-11","Clippers","Spurs","NBA","2024-2025","2025-01-11",,100,107,"A",,,,,,,,,,,,,,,,,,,,,1.946,1.874,,"historical_generation","2026-03-18T21:37:36.247926+00:00","2026-03-18T21:37:36.247926+00:00"
"pelicans_mavericks_2025-01-14","Pelicans","Mavericks","NBA","2024-2025","2025-01-14",,96,98,"A",,,,,,,,,,,,,,,,,,,,,2.002,2.088,,"historical_generation","2026-03-18T21:37:36.247926+00:00","2026-03-18T21:37:36.247926+00:00"
"jazz_trailblazers_2025-01-17","Jazz","Trail Blazers","NBA","2024-2025","2025-01-17",,119,111,"H",,,,,,,,,,,,,,,,,,,,,1.932,1.989,,"historical_generation","2026-03-18T21:37:36.247926+00:00","2026-03-18T21:37:36.247926+00:00"
"pistons_thunder_2025-01-18","Pistons","Thunder","NBA","2024-2025","2025-01-18",,98,99,"A",,,,,,,,,,,,,,,,,,,,,2.018,1.873,,"historical_generation","2026-03-18T21:37:36.247926+00:00","2026-03-18T21:37:36.247926+00:00"
"rockets_magic_2025-01-21","Rockets","Magic","NBA","2024-2025","2025-01-21",,110,97,"H",,,,,,,,,,,,,,,,,,,,,2.106,2.019,,"historical_generation","2026-03-18T21:37:36.247926+00:00","2026-03-18T21:37:36.247926+00:00"
"spurs_hornets_2025-01-22","Spurs","Hornets","NBA","2024-2025","2025-01-22",,126,133,"A",,,,,,,,,,,,,,,,,,,,,2.009,1.906,,"historical_generation","2026-03-18T21:37:36.247926+00:00","2026-03-18T21:37:36.247926+00:00"
"hawks_magic_2025-01-24","Hawks","Magic","NBA","2024-2025","2025-01-24",,125,109,"H",,,,,,,,,,,,,,,,,,,,,2.021,1.994,,"historical_generation","2026-03-18T21:37:36.247926+00:00","2026-03-18T21:37:36.247926+00:00"
"grizzlies_magic_2025-01-27","Grizzlies","Magic","NBA","2024-2025","2025-01-27",,132,104,"H",,,,,,,,,,,,,,,,,,,,,2.051,2.098,,"historical_generation","2026-03-18T21:37:36.247926+00:00","2026-03-18T21:37:36.247926+00:00"
"suns_knicks_2025-01-29","Suns","Knicks","NBA","2024-2025","2025-01-29",,126,128,"A",,,,,,,,,,,,,,,,,,,,,1.855,1.919,,"historical_generation","2026-03-18T21:37:36.247926+00:00","2026-03-18T21:37:36.247926+00:00"
"nuggets_trailblazers_2025-01-31","Nuggets","Trail Blazers","NBA","2024-2025","2025-01-31",,95,114,"A",,,,,,,,,,,,,,,,,,,,,2.006,1.942,,"historical_generation","2026-03-18T21:37:36.247926+00:00","2026-03-18T21:37:36.247926+00:00"
"bulls_jazz_2025-02-02","Bulls","Jazz","NBA","2024-2025","2025-02-02",,108,132,"A",,,,,,,,,,,,,,,,,,,,,1.905,2.052,,"historical_generation","2026-03-18T21:37:36.247926+00:00","2026-03-18T21:37:36.247926+00:00"
"hornets_grizzlies_2025-02-04","Hornets","Grizzlies","NBA","2024-2025","2025-02-04",,102,101,"H",,,,,,,,,,,,,,,,,,,,,2,1.886,,"historical_generation","2026-03-18T21:37:36.247926+00:00","2026-03-18T21:37:36.247926+00:00"
"spurs_clippers_2025-02-05","Spurs","Clippers","NBA","2024-2025","2025-02-05",,99,101,"A",,,,,,,,,,,,,,,,,,,,,1.886,1.931,,"historical_generation","2026-03-18T21:37:36.247926+00:00","2026-03-18T21:37:36.247926+00:00"
"rockets_clippers_2025-02-06","Rockets","Clippers","NBA","2024-2025","2025-02-06",,134,125,"H",,,,,,,,,,,,,,,,,,,,,1.888,1.891,,"historical_generation","2026-03-18T21:37:36.247926+00:00","2026-03-18T21:37:36.247926+00:00"
"kings_pistons_2025-02-07","Kings","Pistons","NBA","2024-2025","2025-02-07",,125,97,"H",,,,,,,,,,,,,,,,,,,,,2.114,2,,"historical_generation","2026-03-18T21:37:36.247926+00:00","2026-03-18T21:37:36.247926+00:00"
"knicks_lakers_2025-02-08","Knicks","Lakers","NBA","2024-2025","2025-02-08",,106,130,"A",,,,,,,,,,,,,,,,,,,,,2.131,2.142,,"historical_generation","2026-03-18T21:37:36.247926+00:00","2026-03-18T21:37:36.247926+00:00"
"wizards_grizzlies_2025-02-09","Wizards","Grizzlies","NBA","2024-2025","2025-02-09",,95,105,"A",,,,,,,,,,,,,,,,,,,,,1.947,2.116,,"historical_generation","2026-03-18T21:37:36.247926+00:00","2026-03-18T21:37:36.247926+00:00"
"grizzlies_76ers_2025-02-10","Grizzlies","76ers","NBA","2024-2025","2025-02-10",,127,100,"H",,,,,,,,,,,,,,,,,,,,,2.09,1.994,,"historical_generation","2026-03-18T21:37:36.247926+00:00","2026-03-18T21:37:36.247926+00:00"
"jazz_knicks_2025-02-13","Jazz","Knicks","NBA","2024-2025","2025-02-13",,104,126,"A",,,,,,,,,,,,,,,,,,,,,1.87,2.058,,"historical_generation","2026-03-18T21:37:36.247926+00:00","2026-03-18T21:37:36.247926+00:00"
"suns_jazz_2025-02-16","Suns","Jazz","NBA","2024-2025","2025-02-16",,101,131,"A",,,,,,,,,,,,,,,,,,,,,2.148,1.942,,"historical_generation","2026-03-18T21:37:36.247926+00:00","2026-03-18T21:37:36.247926+00:00"
"timberwolves_pacers_2025-02-17","Timberwolves","Pacers","NBA","2024-2025","2025-02-17",,124,118,"H",,,,,,,,,,,,,,,,,,,,,2.007,2.125,,"historical_generation","2026-03-18T21:37:36.247926+00:00","2026-03-18T21:37:36.247926+00:00"
"hornets_raptors_2025-02-20","Hornets","Raptors","NBA","2024-2025","2025-02-20",,108,126,"A",,,,,,,,,,,,,,,,,,,,,1.895,1.942,,"historical_generation","2026-03-18T21:37:36.247926+00:00","2026-03-18T21:37:36.247926+00:00"
"hornets_clippers_2025-02-23","Hornets","Clippers","NBA","2024-2025","2025-02-23",,100,111,"A",,,,,,,,,,,,,,,,,,,,,1.877,1.938,,"historical_generation","2026-03-18T21:37:36.247926+00:00","2026-03-18T21:37:36.247926+00:00"
"grizzlies_hornets_2025-02-25","Grizzlies","Hornets","NBA","2024-2025","2025-02-25",,108,95,"H",,,,,,,,,,,,,,,,,,,,,1.909,2.012,,"historical_generation","2026-03-18T21:37:36.247926+00:00","2026-03-18T21:37:36.247926+00:00"
"rockets_76ers_2025-02-27","Rockets","76ers","NBA","2024-2025","2025-02-27",,128,98,"H",,,,,,,,,,,,,,,,,,,,,1.94,1.921,,"historical_generation","2026-03-18T21:37:36.247926+00:00","2026-03-18T21:37:36.247926+00:00"
"raptors_kings_2025-02-28","Raptors","Kings","NBA","2024-2025","2025-02-28",,119,112,"H",,,,,,,,,,,,,,,,,,,,,2.141,1.954,,"historical_generation","2026-03-18T21:37:36.247926+00:00","2026-03-18T21:37:36.247926+00:00"
"pistons_rockets_2025-03-03","Pistons","Rockets","NBA","2024-2025","2025-03-03",,111,133,"A",,,,,,,,,,,,,,,,,,,,,1.868,1.873,,"historical_generation","2026-03-18T21:37:36.247926+00:00","2026-03-18T21:37:36.247926+00:00"
"jazz_warriors_2025-03-06","Jazz","Warriors","NBA","2024-2025","2025-03-06",,105,126,"A",,,,,,,,,,,,,,,,,,,,,2.124,2.069,,"historical_generation","2026-03-18T21:37:36.247926+00:00","2026-03-18T21:37:36.247926+00:00"
"nuggets_mavericks_2025-03-08","Nuggets","Mavericks","NBA","2024-2025","2025-03-08",,118,128,"A",,,,,,,,,,,,,,,,,,,,,1.855,2.102,,"historical_generation","2026-03-18T21:37:36.247926+00:00","2026-03-18T21:37:36.247926+00:00"
"suns_celtics_2025-03-09","Suns","Celtics","NBA","2024-2025","2025-03-09",,104,109,"A",,,,,,,,,,,,,,,,,,,,,2.003,2.128,,"historical_generation","2026-03-18T21:37:36.247926+00:00","2026-03-18T21:37:36.247926+00:00"
"lakers_wizards_2025-03-10","Lakers","Wizards","NBA","2024-2025","2025-03-10",,96,114,"A",,,,,,,,,,,,,,,,,,,,,1.971,2.123,,"historical_generation","2026-03-18T21:37:36.247926+00:00","2026-03-18T21:37:36.247926+00:00"
"76ers_bulls_2025-03-13","76ers","Bulls","NBA","2024-2025","2025-03-13",,122,97,"H",,,,,,,,,,,,,,,,,,,,,2.12,1.89,,"historical_generation","2026-03-18T21:37:36.247926+00:00","2026-03-18T21:37:36.247926+00:00"
"timberwolves_nets_2025-03-15","Timberwolves","Nets","NBA","2024-2025","2025-03-15",,100,131,"A",,,,,,,,,,,,,,,,,,,,,1.922,1.918,,"historical_generation","2026-03-18T21:37:36.247926+00:00","2026-03-18T21:37:36.247926+00:00"
"celtics_mavericks_2025-03-17","Celtics","Mavericks","NBA","2024-2025","2025-03-17",,115,100,"H",,,,,,,,,,,,,,,,,,,,,2.01,1.987,,"historical_generation","2026-03-18T21:37:36.247926+00:00","2026-03-18T21:37:36.247926+00:00"
"rockets_raptors_2025-03-20","Rockets","Raptors","NBA","2024-2025","2025-03-20",,125,113,"H",,,,,,,,,,,,,,,,,,,,,2.106,2.05,,"historical_generation","2026-03-18T21:37:36.247926+00:00","2026-03-18T21:37:36.247926+00:00"
"76ers_spurs_2025-03-21","76ers","Spurs","NBA","2024-2025","2025-03-21",,116,118,"A",,,,,,,,,,,,,,,,,,,,,2.002,1.998,,"historical_generation","2026-03-18T21:37:36.247926+00:00","2026-03-18T21:37:36.247926+00:00"
"rockets_76ers_2025-03-24","Rockets","76ers","NBA","2024-2025","2025-03-24",,134,107,"H",,,,,,,,,,,,,,,,,,,,,1.947,2.096,,"historical_generation","2026-03-18T21:37:36.247926+00:00","2026-03-18T21:37:36.247926+00:00"
"hawks_pistons_2025-03-25","Hawks","Pistons","NBA","2024-2025","2025-03-25",,102,126,"A",,,,,,,,,,,,,,,,,,,,,1.862,1.886,,"historical_generation","2026-03-18T21:37:36.247926+00:00","2026-03-18T21:37:36.247926+00:00"
"76ers_cavaliers_2025-03-26","76ers","Cavaliers","NBA","2024-2025","2025-03-26",,132,102,"H",,,,,,,,,,,,,,,,,,,,,1.961,2.046,,"historical_generation","2026-03-18T21:37:36.247926+00:00","2026-03-18T21:37:36.247926+00:00"
"knicks_trailblazers_2025-03-29","Knicks","Trail Blazers","NBA","2024-2025","2025-03-29",,126,113,"H",,,,,,,,,,,,,,,,,,,,,1.909,2,,"historical_generation","2026-03-18T21:37:36.247926+00:00","2026-03-18T21:37:36.247926+00:00"
"clippers_spurs_2025-04-01","Clippers","Spurs","NBA","2024-2025","2025-04-01",,126,116,"H",,,,,,,,,,,,,,,,,,,,,1.907,2.046,,"historical_generation","2026-03-18T21:37:36.247926+00:00","2026-03-18T21:37:36.247926+00:00"
"jazz_nuggets_2025-04-02","Jazz","Nuggets","NBA","2024-2025","2025-04-02",,120,106,"H",,,,,,,,,,,,,,,,,,,,,1.951,2.01,,"historical_generation","2026-03-18T21:37:36.247926+00:00","2026-03-18T21:37:36.247926+00:00"
"nets_bucks_2025-04-05","Nets","Bucks","NBA","2024-2025","2025-04-05",,115,110,"H",,,,,,,,,,,,,,,,,,,,,1.89,1.874,,"historical_generation","2026-03-18T21:37:36.247926+00:00","2026-03-18T21:37:36.247926+00:00"
"pistons_nuggets_2025-04-07","Pistons","Nuggets","NBA","2024-2025","2025-04-07",,95,116,"A",,,,,,,,,,,,,,,,,,,,,1.887,1.872,,"historical_generation","2026-03-18T21:37:36.247926+00:00","2026-03-18T21:37:36.247926+00:00"
"lakers_spurs_2025-04-08","Lakers","Spurs","NBA","2024-2025","2025-04-08",,108,113,"A",,,,,,,,,,,,,,,,,,,,,1.864,1.889,,"historical_generation","2026-03-18T21:37:36.247926+00:00","2026-03-18T21:37:36.247926+00:00"
"celtics_nuggets_2025-04-10","Celtics","Nuggets","NBA","2024-2025","2025-04-10",,115,108,"H",,,,,,,,,,,,,,,,,,,,,2.115,2.096,,"historical_generation","2026-03-18T21:37:36.247926+00:00","2026-03-18T21:37:36.247926+00:00"
"76ers_lakers_2025-04-11","76ers","Lakers","NBA","2024-2025","2025-04-11",,99,122,"A",,,,,,,,,,,,,,,,,,,,,1.9,1.93,,"historical_generation","2026-03-18T21:37:36.486642+00:00","2026-03-18T21:37:36.486642+00:00"
"nets_warriors_2025-04-12","Nets","Warriors","NBA","2024-2025","2025-04-12",,117,121,"A",,,,,,,,,,,,,,,,,,,,,2.139,2.075,,"historical_generation","2026-03-18T21:37:36.486642+00:00","2026-03-18T21:37:36.486642+00:00"
"pistons_nets_2025-04-15","Pistons","Nets","NBA","2024-2025","2025-04-15",,132,128,"H",,,,,,,,,,,,,,,,,,,,,1.981,1.971,,"historical_generation","2026-03-18T21:37:36.486642+00:00","2026-03-18T21:37:36.486642+00:00"